k,mu,c,n,D1,D2,D3,D4,multiplicity_test
2,1,1,7,65,1633,21905,96037,passed
3,1,1,22,86,3508,78776,3353872,nonconstant_conjugate_multiplicity
4,1,2,35,109,6697,306181,3342889,passed
4,2,2,17,127,10945,402463,23351257,noninteger_multiplicity
5,2,2,31,149,15721,797597,82735933,nonconstant_conjugate_multiplicity
5,2,3,26,154,17236,1057672,37993168,nonconstant_conjugate_multiplicity
6,2,2,52,164,19120,1010240,112917760,nonconstant_conjugate_multiplicity
6,2,3,42,174,22500,1659960,118188720,noninteger_multiplicity
6,2,4,37,179,24265,2023595,4763305,nonconstant_conjugate_multiplicity
6,3,3,27,189,27945,1607445,151460685,nonconstant_conjugate_multiplicity
7,2,3,64,188,26272,2015360,158371840,passed
7,3,4,36,216,37584,3079296,218350080,nonconstant_conjugate_multiplicity
8,2,3,93,195,27657,1855035,50455629,noninteger_multiplicity
8,2,4,79,209,33313,3170321,82955761,nonconstant_conjugate_multiplicity
8,4,4,37,251,52633,4102595,529127137,nonconstant_conjugate_multiplicity
9,3,3,82,242,46900,3822632,656682256,nonconstant_conjugate_multiplicity
9,3,4,70,254,52852,5523992,753503920,noninteger_multiplicity
9,3,6,58,266,59092,7444808,27361840,noninteger_multiplicity
9,4,5,46,278,65620,6713144,706858768,noninteger_multiplicity
9,4,6,43,281,67297,7256825,206397565,noninteger_multiplicity
10,3,3,111,249,49041,3498201,417898845,nonconstant_conjugate_multiplicity
10,3,5,83,277,63769,7971229,750289813,nonconstant_conjugate_multiplicity
10,3,6,76,284,67696,9287936,290407936,nonconstant_conjugate_multiplicity
10,5,5,47,313,85009,8353657,1364061301,nonconstant_conjugate_multiplicity
10,5,6,44,316,86896,9030016,775290880,noninteger_multiplicity
10,6,6,36,324,92016,7138368,478690560,nonconstant_conjugate_multiplicity
11,5,6,56,340,101344,12424960,1732673536,noninteger_multiplicity
12,3,6,123,309,79929,11482749,434692089,nonconstant_conjugate_multiplicity
12,4,4,112,320,86848,9543680,2200797184,nonconstant_conjugate_multiplicity
12,4,6,90,342,101412,15180696,2162190672,nonconstant_conjugate_multiplicity
12,4,8,79,353,109057,18367649,83097745,nonconstant_conjugate_multiplicity
12,6,6,57,375,125073,14826375,2926981737,nonconstant_conjugate_multiplicity
13,6,7,66,402,144756,20680488,3587956560,noninteger_multiplicity
14,7,7,67,437,172825,23986493,5551614877,nonconstant_conjugate_multiplicity
15,5,5,142,398,138964,19201112,5549575696,nonconstant_conjugate_multiplicity
15,5,6,128,412,150304,24548608,6380136448,noninteger_multiplicity
15,5,7,118,422,158644,28663928,5959205200,nonconstant_conjugate_multiplicity
15,5,10,100,440,174160,36713600,191296000,nonconstant_conjugate_multiplicity
15,6,7,96,444,177696,30561408,7862427648,noninteger_multiplicity
15,6,9,86,454,186676,35326648,4072354384,nonconstant_conjugate_multiplicity
15,7,8,76,464,195856,31945472,6627877888,nonconstant_conjugate_multiplicity
15,7,10,70,470,201460,34992440,1857713200,nonconstant_conjugate_multiplicity
16,4,6,197,379,122905,17109955,1175745385,nonconstant_conjugate_multiplicity
16,4,8,167,409,146545,28133065,1376203585,nonconstant_conjugate_multiplicity
16,5,6,153,423,158193,25800039,6670234089,multiplicity_below_valency
16,5,8,131,445,177289,35639605,5904374593,nonconstant_conjugate_multiplicity
16,6,8,107,469,199225,38732365,8664752305,nonconstant_conjugate_multiplicity
16,6,10,97,479,208705,44099135,3600730825,nonconstant_conjugate_multiplicity
16,8,8,77,499,228265,36299755,9634695025,nonconstant_conjugate_multiplicity
16,8,10,71,505,234289,39778345,4389103225,nonconstant_conjugate_multiplicity
17,8,9,86,526,254644,46685656,11270615440,noninteger_multiplicity
18,6,6,172,476,203248,33822656,11745494272,nonconstant_conjugate_multiplicity
18,6,9,138,510,236772,53335800,11341553904,nonconstant_conjugate_multiplicity
18,6,12,121,527,254401,64404143,374946025,nonconstant_conjugate_multiplicity
18,9,9,87,561,291393,52231905,15635964357,nonconstant_conjugate_multiplicity
19,9,10,96,588,321120,65366784,17997355008,nonconstant_conjugate_multiplicity
20,5,10,211,509,233161,56010869,3346946761,nonconstant_conjugate_multiplicity
20,10,10,97,623,362209,72248687,24078172921,nonconstant_conjugate_multiplicity
21,5,8,274,482,205108,36394856,550157296,nonconstant_conjugate_multiplicity
21,6,6,267,489,211905,27572265,3655261485,nonconstant_conjugate_multiplicity
21,6,7,242,514,236980,41870440,10375869520,nonconstant_conjugate_multiplicity
21,6,10,197,559,285265,72527455,13808203525,nonconstant_conjugate_multiplicity
21,7,7,202,554,279700,54436040,22069192720,nonconstant_conjugate_multiplicity
21,7,8,187,569,296545,65494745,24873950725,noninteger_multiplicity
21,7,10,166,590,320884,82271960,22898959600,nonconstant_conjugate_multiplicity
21,7,12,152,604,337600,94320640,14024581120,nonconstant_conjugate_multiplicity
21,7,14,142,614,349780,103360760,660701680,nonconstant_conjugate_multiplicity
21,10,11,106,650,395284,88454600,27352290256,noninteger_multiplicity
21,10,14,97,659,407065,97443035,7526943925,nonconstant_conjugate_multiplicity
22,6,7,276,516,237744,38415168,6057400320,noninteger_multiplicity
22,6,8,254,538,260932,52528168,11448863440,nonconstant_conjugate_multiplicity
22,6,11,212,580,307888,83863360,11622618112,nonconstant_conjugate_multiplicity
22,7,9,199,593,323137,78646625,26908019605,nonconstant_conjugate_multiplicity
22,7,10,188,604,336304,88058368,25850971648,nonconstant_conjugate_multiplicity
22,7,11,179,613,347257,96084685,22692010285,nonconstant_conjugate_multiplicity
22,11,11,107,685,440713,96815845,35547078637,nonconstant_conjugate_multiplicity
22,11,14,98,694,453124,106701112,14344191568,nonconstant_conjugate_multiplicity
23,11,12,116,712,477136,116414848,39942622720,noninteger_multiplicity
24,6,8,324,540,260496,44089920,589545216,nonconstant_conjugate_multiplicity
24,6,9,301,563,285865,60250571,6438451333,nonconstant_conjugate_multiplicity
24,6,12,255,609,339777,98005761,6908182929,nonconstant_conjugate_multiplicity
24,8,8,232,632,368320,82068992,38039474176,nonconstant_conjugate_multiplicity
24,8,12,186,678,428580,128898648,36433080720,nonconstant_conjugate_multiplicity
24,8,16,163,701,460297,155504933,1078881265,nonconstant_conjugate_multiplicity
24,12,12,117,747,526905,126399123,50691447297,nonconstant_conjugate_multiplicity
25,6,10,316,584,308656,71266688,4100303872,nonconstant_conjugate_multiplicity
25,8,15,186,714,477396,163194696,17501273424,nonconstant_conjugate_multiplicity
25,10,10,176,724,491776,130852864,69796765696,nonconstant_conjugate_multiplicity
25,10,12,161,739,513721,149781259,60945144733,nonconstant_conjugate_multiplicity
25,10,15,146,754,536116,169707304,32722511056,nonconstant_conjugate_multiplicity
25,12,13,126,774,566676,149713272,56438561808,nonconstant_conjugate_multiplicity
25,15,16,91,809,622081,125816489,13555365877,noninteger_multiplicity
26,10,10,196,740,513904,140528960,78372977920,nonconstant_conjugate_multiplicity
26,10,13,172,764,550000,172664000,64459648000,nonconstant_conjugate_multiplicity
26,10,16,157,779,573145,194083955,30905869225,nonconstant_conjugate_multiplicity
26,13,13,127,809,620785,161464265,70223052565,nonconstant_conjugate_multiplicity
27,9,9,262,710,469108,117749240,61413305104,nonconstant_conjugate_multiplicity
27,9,12,223,749,526009,166836005,67802755021,nonconstant_conjugate_multiplicity
27,9,13,214,758,539572,179121464,62418524560,nonconstant_conjugate_multiplicity
27,9,18,184,788,585952,222758144,1663467520,nonconstant_conjugate_multiplicity
27,13,14,136,836,663904,188815616,77573324800,noninteger_multiplicity
27,13,18,124,848,684112,208662272,21126676480,nonconstant_conjugate_multiplicity
28,7,12,326,682,428836,125414344,17716837840,nonconstant_conjugate_multiplicity
28,7,14,299,709,466393,157007341,12742978201,nonconstant_conjugate_multiplicity
28,9,12,246,762,544356,174824136,73064028240,nonconstant_conjugate_multiplicity
28,9,14,227,781,573673,202079845,61906865497,nonconstant_conjugate_multiplicity
28,12,12,176,832,655936,196378624,113283235840,nonconstant_conjugate_multiplicity
28,12,14,164,844,676048,216185536,95158663936,nonconstant_conjugate_multiplicity
28,12,16,155,853,691321,231518701,68137814689,noninteger_multiplicity
28,12,18,148,860,703312,243730880,34841876224,nonconstant_conjugate_multiplicity
28,14,14,137,871,722353,202477015,94916675977,nonconstant_conjugate_multiplicity
28,14,18,125,883,743401,223851979,35459190505,nonconstant_conjugate_multiplicity
29,7,11,378,666,405972,101202696,5654532240,nonconstant_conjugate_multiplicity
29,14,15,146,898,768820,234187624,104143136848,noninteger_multiplicity
30,10,10,292,788,582064,162504512,94185815296,nonconstant_conjugate_multiplicity
30,10,12,263,817,628609,206512273,107017936585,nonconstant_conjugate_multiplicity
30,10,15,234,846,676836,254642616,89780828976,nonconstant_conjugate_multiplicity
30,10,20,205,875,726745,307041875,2452107625,nonconstant_conjugate_multiplicity
30,15,15,147,933,831609,249903117,125610106941,nonconstant_conjugate_multiplicity
31,15,16,156,960,881424,286295040,137007230976,noninteger_multiplicity
32,8,12,405,747,516537,145761363,21035517345,nonconstant_conjugate_multiplicity
32,8,16,343,809,613009,235905209,21656203489,nonconstant_conjugate_multiplicity
32,16,16,157,995,948553,304208315,163204142737,nonconstant_conjugate_multiplicity
33,8,12,441,747,515241,137048355,5657976765,nonconstant_conjugate_multiplicity
33,8,15,386,802,600436,215465320,20612818000,nonconstant_conjugate_multiplicity
33,11,11,322,866,707188,217362536,138590297872,nonconstant_conjugate_multiplicity
33,11,12,306,882,735156,246046248,151494539760,noninteger_multiplicity
33,11,16,262,926,814708,331985816,138930913072,nonconstant_conjugate_multiplicity
33,11,22,226,962,882676,410277608,3486113200,nonconstant_conjugate_multiplicity
33,12,12,276,912,788976,265676544,185475225600,nonconstant_conjugate_multiplicity
33,12,14,254,934,829588,310017016,185514593776,nonconstant_conjugate_multiplicity
33,12,21,210,978,913716,406898856,51505799184,nonconstant_conjugate_multiplicity
33,12,22,206,982,921556,416261944,21825460720,nonconstant_conjugate_multiplicity
33,16,17,166,1022,1001716,345603608,177087848080,noninteger_multiplicity
33,16,22,151,1037,1032601,382703813,47908728925,nonconstant_conjugate_multiplicity
34,11,17,275,949,856537,366398461,137909864389,nonconstant_conjugate_multiplicity
34,17,17,167,1057,1073185,365858353,208662588517,nonconstant_conjugate_multiplicity
34,17,22,152,1072,1105120,405284608,73891965952,nonconstant_conjugate_multiplicity
35,10,17,330,930,819540,352377000,104648274000,nonconstant_conjugate_multiplicity
35,14,15,240,1020,995040,385706880,264914841600,noninteger_multiplicity
35,14,17,226,1034,1023796,420734600,233993854288,nonconstant_conjugate_multiplicity
35,14,21,206,1054,1065556,472887640,127755329104,nonconstant_conjugate_multiplicity
35,17,18,176,1084,1129696,412579072,225370236928,nonconstant_conjugate_multiplicity
35,17,20,169,1091,1144921,431853803,170179210933,nonconstant_conjugate_multiplicity
35,17,21,166,1094,1151476,440212472,139365255568,nonconstant_conjugate_multiplicity
36,9,12,492,804,599760,153982080,5000486400,nonconstant_conjugate_multiplicity
36,9,14,447,849,674145,225753345,40205693385,nonconstant_conjugate_multiplicity
36,9,15,429,867,705033,257319531,47571877773,nonconstant_conjugate_multiplicity
36,9,18,387,909,779625,337588965,34574534505,nonconstant_conjugate_multiplicity
36,9,20,366,930,818244,381303720,1603521360,nonconstant_conjugate_multiplicity
36,10,12,436,860,692944,205835840,74667695872,nonconstant_conjugate_multiplicity
36,10,13,415,881,729505,243072305,95852363005,nonconstant_conjugate_multiplicity
36,10,14,397,899,761545,276842555,108886476025,nonconstant_conjugate_multiplicity
36,10,18,345,951,857745,384341895,94316330745,nonconstant_conjugate_multiplicity
36,10,21,319,977,907873,443824721,30856640989,nonconstant_conjugate_multiplicity
36,12,12,352,944,844480,283351040,197098209280,nonconstant_conjugate_multiplicity
36,12,14,322,974,902020,348399800,222484025680,nonconstant_conjugate_multiplicity
36,12,15,310,986,925540,375882920,222968104240,nonconstant_conjugate_multiplicity
36,12,18,282,1014,981540,443341080,187296112080,nonconstant_conjugate_multiplicity
36,12,20,268,1028,1010128,478850624,139695974656,nonconstant_conjugate_multiplicity
36,12,21,262,1034,1022500,494438120,110364960880,nonconstant_conjugate_multiplicity
36,12,24,247,1049,1053745,534386825,4810460305,nonconstant_conjugate_multiplicity
36,14,15,259,1037,1028713,408238901,292012373653,noninteger_multiplicity
36,14,18,237,1059,1074825,465732315,243387674505,nonconstant_conjugate_multiplicity
36,14,20,226,1070,1098244,495628280,189541490320,nonconstant_conjugate_multiplicity
36,14,22,217,1079,1117585,520666055,123193527625,nonconstant_conjugate_multiplicity
36,15,18,219,1077,1113273,466204221,258823197801,nonconstant_conjugate_multiplicity
36,15,21,205,1091,1143625,505378475,170649434725,nonconstant_conjugate_multiplicity
36,18,18,177,1119,1205505,435318975,263012257305,nonconstant_conjugate_multiplicity
36,18,20,170,1126,1221220,455737240,205892379280,nonconstant_conjugate_multiplicity
36,18,21,167,1129,1227985,464589145,173824167325,nonconstant_conjugate_multiplicity
36,20,21,148,1148,1271248,417927104,151888382464,noninteger_multiplicity
36,20,24,142,1154,1285060,436050440,52047898000,nonconstant_conjugate_multiplicity
36,21,25,133,1163,1305913,410949539,5996613301,nonconstant_conjugate_multiplicity
37,9,14,482,850,674548,216447400,20506767664,nonconstant_conjugate_multiplicity
37,9,16,445,887,738817,282875831,35801929597,nonconstant_conjugate_multiplicity
37,12,15,334,998,948052,387403640,232699243600,nonconstant_conjugate_multiplicity
37,18,19,186,1146,1265364,487687176,282902654160,noninteger_multiplicity
38,19,19,187,1181,1345513,513055925,327342969997,nonconstant_conjugate_multiplicity
39,13,13,382,1022,993940,361497752,272419169296,nonconstant_conjugate_multiplicity
39,13,19,310,1094,1146292,553638392,270416393680,nonconstant_conjugate_multiplicity
39,13,26,268,1136,1239952,681291008,6473789440,nonconstant_conjugate_multiplicity
39,19,20,196,1208,1408720,571393664,350796364288,noninteger_multiplicity
39,19,24,183,1221,1440297,616098285,188969122125,nonconstant_conjugate_multiplicity
39,19,26,178,1226,1452532,633621320,94464150640,nonconstant_conjugate_multiplicity
40,10,15,509,931,814921,288126811,52298263741,nonconstant_conjugate_multiplicity
40,10,18,457,983,914449,402055847,73681140265,nonconstant_conjugate_multiplicity
40,10,20,431,1009,966241,464948209,52546451761,nonconstant_conjugate_multiplicity
40,12,13,451,989,926281,316235717,183170736973,noninteger_multiplicity
40,12,14,431,1009,966241,362950417,215057213353,nonconstant_conjugate_multiplicity
40,12,20,353,1087,1129729,568719487,207763993969,nonconstant_conjugate_multiplicity
40,13,15,377,1063,1078129,447583591,312718239613,nonconstant_conjugate_multiplicity
40,13,18,341,1099,1155961,548279011,308706638185,nonconstant_conjugate_multiplicity
40,13,20,323,1117,1195849,601813909,268629186673,nonconstant_conjugate_multiplicity
40,13,24,296,1144,1256896,686198656,124710372352,nonconstant_conjugate_multiplicity
40,15,20,275,1165,1305385,637517125,355830300625,nonconstant_conjugate_multiplicity
40,15,25,249,1191,1366641,724700871,147477997701,nonconstant_conjugate_multiplicity
40,15,26,245,1195,1376185,738539875,95481003625,nonconstant_conjugate_multiplicity
40,20,20,197,1243,1493209,599534947,402807555361,nonconstant_conjugate_multiplicity
40,20,24,184,1256,1525696,646608896,235482529792,nonconstant_conjugate_multiplicity
40,20,26,179,1261,1538281,665052661,137139615145,nonconstant_conjugate_multiplicity
40,24,26,146,1294,1622596,529944760,78040761424,nonconstant_conjugate_multiplicity
41,20,21,206,1270,1559764,664164280,430225639696,noninteger_multiplicity
42,14,14,412,1100,1155568,452830400,367500961024,nonconstant_conjugate_multiplicity
42,14,21,330,1182,1342692,707767416,348457498992,nonconstant_conjugate_multiplicity
42,14,28,289,1223,1441297,852911639,8528405545,nonconstant_conjugate_multiplicity
42,21,21,207,1305,1648593,695221785,490621850037,nonconstant_conjugate_multiplicity
43,21,22,216,1332,1718496,766464768,522427760640,noninteger_multiplicity
44,11,22,475,1109,1172857,620872541,76742240569,nonconstant_conjugate_multiplicity
44,22,22,217,1367,1811665,800582183,592064698537,nonconstant_conjugate_multiplicity
45,11,17,586,1034,1010836,396613448,52679543248,nonconstant_conjugate_multiplicity
45,11,18,566,1054,1052596,448299928,73387031536,nonconstant_conjugate_multiplicity
45,11,20,532,1088,1125424,541998080,85678520320,nonconstant_conjugate_multiplicity
45,11,24,481,1139,1239001,696768443,10088037949,nonconstant_conjugate_multiplicity
45,12,15,574,1046,1035796,367677368,117198234448,nonconstant_conjugate_multiplicity
45,15,15,442,1178,1329364,558376712,485529530896,nonconstant_conjugate_multiplicity
45,15,18,398,1222,1434964,708276088,549712531312,nonconstant_conjugate_multiplicity
45,15,20,376,1244,1489216,788516864,532565794816,nonconstant_conjugate_multiplicity
45,15,22,358,1262,1534324,856852568,478422490480,nonconstant_conjugate_multiplicity
45,15,24,343,1277,1572409,915671573,394314021829,nonconstant_conjugate_multiplicity
45,15,30,310,1310,1657780,1051170200,11030278000,nonconstant_conjugate_multiplicity
45,18,18,321,1299,1629081,782841051,751745584485,nonconstant_conjugate_multiplicity
45,18,22,291,1329,1707921,905698881,638793910413,nonconstant_conjugate_multiplicity
45,18,27,266,1354,1774996,1013555656,352150602448,nonconstant_conjugate_multiplicity
45,18,30,255,1365,1804905,1062615645,129565730925,nonconstant_conjugate_multiplicity
45,20,25,244,1376,1835056,955736576,516828503296,nonconstant_conjugate_multiplicity
45,22,23,226,1394,1884916,878760872,628703015248,noninteger_multiplicity
45,22,30,205,1415,1943905,975468455,168723222325,nonconstant_conjugate_multiplicity
46,15,23,371,1285,1591609,921099565,475560267613,nonconstant_conjugate_multiplicity
46,18,20,323,1333,1717273,889794829,772616414521,nonconstant_conjugate_multiplicity
46,18,23,302,1354,1773700,980214760,658456017520,nonconstant_conjugate_multiplicity
46,18,28,277,1379,1842025,1092533435,342949983145,nonconstant_conjugate_multiplicity
46,23,23,227,1429,1982425,916081885,708477953245,nonconstant_conjugate_multiplicity
46,23,30,206,1450,2042884,1017209800,234038466640,nonconstant_conjugate_multiplicity
47,23,24,236,1456,2059024,1001518336,750414699520,noninteger_multiplicity
48,12,16,660,1068,1078416,371100096,18808982784,nonconstant_conjugate_multiplicity
48,12,18,613,1115,1181017,501831395,109692387289,nonconstant_conjugate_multiplicity
48,12,24,519,1209,1399473,808251561,108453991041,nonconstant_conjugate_multiplicity
48,16,16,472,1256,1515328,679164416,629928988672,nonconstant_conjugate_multiplicity
48,16,24,378,1350,1760292,1060695000,596310814224,nonconstant_conjugate_multiplicity
48,16,32,331,1397,1889401,1277988173,14039040625,nonconstant_conjugate_multiplicity
48,24,24,237,1491,2160873,1042186635,841266474417,nonconstant_conjugate_multiplicity
49,14,14,638,1126,1204372,375475960,131061245680,nonconstant_conjugate_multiplicity
49,14,15,610,1154,1268212,458484200,227383982800,noninteger_multiplicity
49,14,20,512,1252,1504000,792626176,455440900096,nonconstant_conjugate_multiplicity
49,14,21,498,1266,1539252,846118440,457843447440,nonconstant_conjugate_multiplicity
49,14,24,463,1301,1629097,986398685,397563347605,nonconstant_conjugate_multiplicity
49,14,28,428,1336,1721392,1136241280,190711206400,nonconstant_conjugate_multiplicity
49,14,30,414,1350,1758996,1198913400,44948098800,nonconstant_conjugate_multiplicity
49,16,21,428,1336,1721392,970021504,727700051200,nonconstant_conjugate_multiplicity
49,21,28,274,1490,2156596,1266839720,654082452976,nonconstant_conjugate_multiplicity
49,21,32,260,1504,2198512,1341784576,286268852224,nonconstant_conjugate_multiplicity
49,24,25,246,1518,2240820,1135202904,888989117328,noninteger_multiplicity
49,24,35,218,1546,2326612,1288776520,3613858000,nonconstant_conjugate_multiplicity
49,28,28,197,1567,2391985,1018802287,543870327421,nonconstant_conjugate_multiplicity
50,14,14,676,1124,1198576,347900480,59028495616,nonconstant_conjugate_multiplicity
50,14,15,646,1154,1266916,436050440,165987268720,noninteger_multiplicity
50,14,18,576,1224,1433376,666247680,379243855872,nonconstant_conjugate_multiplicity
50,14,20,541,1259,1520281,794712275,440227404505,nonconstant_conjugate_multiplicity
50,14,21,526,1274,1558276,852586280,449533570864,nonconstant_conjugate_multiplicity
50,14,25,478,1322,1682884,1049440616,368941151152,nonconstant_conjugate_multiplicity
50,14,28,451,1349,1755001,1168159805,208352996137,nonconstant_conjugate_multiplicity
50,14,30,436,1364,1795696,1236656960,63793327360,nonconstant_conjugate_multiplicity
50,25,25,247,1553,2347009,1179362177,991898130181,nonconstant_conjugate_multiplicity
50,25,35,219,1581,2434761,1339361541,79766854461,nonconstant_conjugate_multiplicity
51,15,15,630,1206,1388340,502106040,284653446480,nonconstant_conjugate_multiplicity
51,15,17,582,1254,1506420,670162680,465843085200,nonconstant_conjugate_multiplicity
51,15,18,562,1274,1556980,745264520,527276988400,nonconstant_conjugate_multiplicity
51,15,20,528,1308,1644768,879980544,598306922496,nonconstant_conjugate_multiplicity
51,15,24,477,1359,1780785,1099138815,568069258725,nonconstant_conjugate_multiplicity
51,15,30,426,1410,1922004,1339505640,211178657520,nonconstant_conjugate_multiplicity
51,17,17,502,1334,1713460,816221240,804361607440,nonconstant_conjugate_multiplicity
51,17,20,457,1379,1835545,1012110155,907585739125,nonconstant_conjugate_multiplicity
51,17,25,406,1430,1978804,1254401720,788063983120,nonconstant_conjugate_multiplicity
51,17,30,372,1464,2077200,1428278400,424885824000,nonconstant_conjugate_multiplicity
51,17,34,352,1484,2136160,1535287040,17617991680,nonconstant_conjugate_multiplicity
51,25,26,256,1580,2430304,1280280320,1045915580416,noninteger_multiplicity
51,25,34,232,1604,2506720,1422298880,279955456000,nonconstant_conjugate_multiplicity
51,30,35,188,1648,2649808,1163171584,62792494336,nonconstant_conjugate_multiplicity
52,13,17,725,1147,1248217,446147443,1348934485,nonconstant_conjugate_multiplicity
52,13,18,699,1173,1308537,527015997,72760850505,nonconstant_conjugate_multiplicity
52,13,26,563,1309,1646089,1029974869,149095598089,nonconstant_conjugate_multiplicity
52,17,20,482,1390,1864708,1030095640,926840019280,nonconstant_conjugate_multiplicity
52,17,21,469,1403,1901017,1090671155,936567885925,nonconstant_conjugate_multiplicity
52,17,26,419,1453,2043817,1337028805,783765798025,nonconstant_conjugate_multiplicity
52,17,28,404,1468,2087632,1415152000,648674813440,nonconstant_conjugate_multiplicity
52,17,30,391,1481,2125969,1484461097,481161458281,nonconstant_conjugate_multiplicity
52,26,26,257,1615,2540833,1328074255,1161903796537,nonconstant_conjugate_multiplicity
52,26,34,233,1639,2618929,1475809687,374764080313,nonconstant_conjugate_multiplicity
53,13,20,690,1218,1414836,656185320,111879915120,nonconstant_conjugate_multiplicity
53,26,27,266,1642,2627476,1437216328,1222746408400,noninteger_multiplicity
54,18,18,532,1412,1923760,970574912,1012727823616,nonconstant_conjugate_multiplicity
54,18,27,426,1518,2234340,1514897208,957469137840,nonconstant_conjugate_multiplicity
54,18,36,373,1571,2398057,1824988283,21834093865,nonconstant_conjugate_multiplicity
54,27,27,267,1677,2742345,1488788613,1352877357357,nonconstant_conjugate_multiplicity
55,15,16,749,1231,1444081,485409151,81274568245,noninteger_multiplicity
55,15,18,694,1286,1582516,685124216,316977867568,nonconstant_conjugate_multiplicity
55,15,20,650,1330,1697620,861653800,471590926000,nonconstant_conjugate_multiplicity
55,15,22,614,1366,1794676,1017555256,552044039344,nonconstant_conjugate_multiplicity
55,15,24,584,1396,1877536,1155575296,566849953792,nonconstant_conjugate_multiplicity
55,15,30,518,1462,2066164,1485982648,296592761776,nonconstant_conjugate_multiplicity
55,15,33,494,1486,2136916,1615513816,24475533328,nonconstant_conjugate_multiplicity
55,18,33,406,1574,2406196,1804565816,461999671120,nonconstant_conjugate_multiplicity
55,22,27,356,1624,2566096,1666951552,1424253054208,nonconstant_conjugate_multiplicity
55,22,33,326,1654,2664436,1860399352,790101053008,nonconstant_conjugate_multiplicity
55,27,28,276,1704,2832336,1606476672,1421096928768,nonconstant_conjugate_multiplicity
55,27,35,254,1726,2907796,1757461528,605617353808,nonconstant_conjugate_multiplicity
55,30,33,230,1750,2991220,1560475000,768515026000,nonconstant_conjugate_multiplicity
55,33,33,206,1774,3075796,1359458776,594367066000,nonconstant_conjugate_multiplicity
55,33,36,201,1779,3093561,1394894331,260294732901,nonconstant_conjugate_multiplicity
56,14,20,739,1277,1558153,715417541,144501651073,nonconstant_conjugate_multiplicity
56,14,21,717,1299,1614825,801359595,204817961205,nonconstant_conjugate_multiplicity
56,14,22,697,1319,1667185,882760535,248399334265,nonconstant_conjugate_multiplicity
56,14,24,662,1354,1760740,1032858280,288168457360,nonconstant_conjugate_multiplicity
56,14,28,607,1409,1912705,1288932065,200202761425,nonconstant_conjugate_multiplicity
56,14,30,585,1431,1975185,1398466215,84771433305,nonconstant_conjugate_multiplicity
56,20,21,475,1541,2302105,1350694205,1527747239725,noninteger_multiplicity
56,20,22,463,1553,2339233,1418872049,1539144073417,nonconstant_conjugate_multiplicity
56,20,24,442,1574,2404900,1541418200,1509033667600,nonconstant_conjugate_multiplicity
56,20,28,409,1607,2509873,1742426711,1277628078001,nonconstant_conjugate_multiplicity
56,20,33,379,1637,2607193,1934267741,753810493501,nonconstant_conjugate_multiplicity
56,20,36,365,1651,2653225,2026808875,349164681025,nonconstant_conjugate_multiplicity
56,22,28,367,1649,2646625,1778388785,1459794249745,nonconstant_conjugate_multiplicity
56,22,34,337,1679,2746465,1978374095,773874440905,nonconstant_conjugate_multiplicity
56,22,35,333,1683,2759913,2005720299,635503584141,nonconstant_conjugate_multiplicity
56,28,28,277,1739,2951545,1661970995,1566475704385,nonconstant_conjugate_multiplicity
56,28,35,255,1761,3028545,1818593505,730905418485,noninteger_multiplicity
56,28,40,244,1772,3067408,1898818496,6021768448,nonconstant_conjugate_multiplicity
57,19,19,562,1490,2146228,1143253160,1259166236944,nonconstant_conjugate_multiplicity
57,19,21,530,1522,2242612,1314502696,1384941326032,nonconstant_conjugate_multiplicity
57,19,24,492,1560,2359728,1530023040,1415418084864,nonconstant_conjugate_multiplicity
57,19,28,454,1598,2479732,1759059224,1228022906800,nonconstant_conjugate_multiplicity
57,19,38,394,1658,2675092,2149013384,26757974320,nonconstant_conjugate_multiplicity
57,21,24,438,1614,2531124,1625343192,1720000711728,nonconstant_conjugate_multiplicity
57,21,32,381,1671,2718369,1995630183,1072262030445,nonconstant_conjugate_multiplicity
57,21,36,362,1690,2782228,2126243080,527715909232,nonconstant_conjugate_multiplicity
57,21,38,354,1698,2809332,2182330728,217568430000,nonconstant_conjugate_multiplicity
57,24,33,324,1728,2912112,2022257664,1131700066560,nonconstant_conjugate_multiplicity
57,28,29,286,1766,3044884,1788527096,1642645476880,noninteger_multiplicity
57,28,38,259,1793,3140977,1988166257,438769595005,nonconstant_conjugate_multiplicity
58,19,26,494,1594,2465668,1692987400,1408700592208,nonconstant_conjugate_multiplicity
58,19,29,467,1621,2552473,1862375005,1221875724277,nonconstant_conjugate_multiplicity
58,29,29,287,1801,3168433,1848087145,1804418737237,nonconstant_conjugate_multiplicity
58,29,38,260,1828,3266416,2054905984,570831247360,nonconstant_conjugate_multiplicity
59,29,30,296,1828,3265120,1983833344,1889133395968,noninteger_multiplicity
60,15,20,828,1332,1696464,731939328,50180207616,nonconstant_conjugate_multiplicity
60,15,30,651,1509,2199321,1588012749,263432985561,nonconstant_conjugate_multiplicity
60,20,20,592,1568,2380864,1335283712,1548053610496,nonconstant_conjugate_multiplicity
60,20,24,533,1627,2569369,1692224803,1749666964129,nonconstant_conjugate_multiplicity
60,20,30,474,1686,2764836,2083147416,1462112805456,nonconstant_conjugate_multiplicity
60,20,40,415,1745,2967265,2509283825,32463924625,nonconstant_conjugate_multiplicity
60,30,30,297,1863,3393009,2047602807,2068489363401,nonconstant_conjugate_multiplicity
61,15,23,794,1402,1886548,1009647496,209949315856,nonconstant_conjugate_multiplicity
61,30,31,306,1890,3493044,2192861160,2162365037136,noninteger_multiplicity
62,31,31,307,1925,3625273,2260983725,2360533498237,nonconstant_conjugate_multiplicity
63,18,21,746,1522,2234836,1200097000,904045952080,nonconstant_conjugate_multiplicity
63,18,31,596,1672,2713936,2119427200,1078683239680,nonconstant_conjugate_multiplicity
63,18,35,560,1708,2835616,2372890240,656710512640,nonconstant_conjugate_multiplicity
63,21,21,622,1646,2627668,1547694296,1884004870672,nonconstant_conjugate_multiplicity
63,21,28,529,1739,2942473,2182585859,2060963661733,nonconstant_conjugate_multiplicity
63,21,31,502,1766,3037108,2383598456,1830548552272,nonconstant_conjugate_multiplicity
63,21,36,467,1801,3161953,2655684361,1168201407997,nonconstant_conjugate_multiplicity
63,21,42,436,1832,3274576,2907721088,39029900800,nonconstant_conjugate_multiplicity
63,31,32,316,1952,3728656,2416076288,2464207759360,noninteger_multiplicity
63,31,36,302,1966,3783508,2541243736,1817426920432,nonconstant_conjugate_multiplicity
63,31,42,286,1982,3846676,2687124248,657113614000,nonconstant_conjugate_multiplicity
64,16,21,893,1411,1907977,848870299,19287117205,nonconstant_conjugate_multiplicity
64,16,24,821,1483,2116345,1201195891,351409435153,nonconstant_conjugate_multiplicity
64,16,27,765,1539,2285577,1507002651,487712912589,nonconstant_conjugate_multiplicity
64,16,28,749,1555,2335081,1599648715,493298358721,nonconstant_conjugate_multiplicity
64,16,32,695,1609,2505937,1930106521,340565579809,nonconstant_conjugate_multiplicity
64,18,23,737,1567,2372545,1414814527,1052122823101,nonconstant_conjugate_multiplicity
64,18,28,657,1647,2629665,1910521647,1233102165201,nonconstant_conjugate_multiplicity
64,18,32,611,1693,2783305,2223994213,1017519187825,nonconstant_conjugate_multiplicity
64,21,24,601,1703,2817265,1877824871,2133990515473,nonconstant_conjugate_multiplicity
64,21,32,515,1789,3117577,2509911541,1822087248289,nonconstant_conjugate_multiplicity
64,24,24,513,1791,3124737,2086846335,2854927722465,nonconstant_conjugate_multiplicity
64,24,28,473,1831,3269617,2398729015,2754911162065,noninteger_multiplicity
64,24,30,457,1847,3328465,2528382311,2588233309081,nonconstant_conjugate_multiplicity
64,24,32,443,1861,3380377,2644155325,2359200196465,nonconstant_conjugate_multiplicity
64,24,35,425,1879,3447697,2796224455,1917862645165,nonconstant_conjugate_multiplicity
64,24,40,401,1903,3538465,3004671439,976564847713,nonconstant_conjugate_multiplicity
64,24,42,393,1911,3568977,3075611175,542714763465,nonconstant_conjugate_multiplicity
64,28,32,371,1933,3653545,2643186133,2699515763665,nonconstant_conjugate_multiplicity
64,28,36,353,1951,3723457,2804197663,2043642932305,nonconstant_conjugate_multiplicity
64,32,32,317,1987,3865225,2488695643,2682460064977,nonconstant_conjugate_multiplicity
64,32,36,303,2001,3921057,2617950321,2023305783345,nonconstant_conjugate_multiplicity
64,32,42,287,2017,3985345,2768552353,835093990297,nonconstant_conjugate_multiplicity
65,16,26,816,1524,2238336,1388717568,370439516160,nonconstant_conjugate_multiplicity
65,16,28,781,1559,2346241,1588834583,421441502461,nonconstant_conjugate_multiplicity
65,16,35,690,1650,2638260,2163407400,42199995600,nonconstant_conjugate_multiplicity
65,20,20,742,1598,2469364,1295153432,1287537574576,nonconstant_conjugate_multiplicity
65,20,24,664,1676,2724736,1786374656,1816894431232,nonconstant_conjugate_multiplicity
65,20,26,634,1706,2826196,1991441096,1907964289840,nonconstant_conjugate_multiplicity
65,20,30,586,1754,2992276,2338776584,1813786534576,nonconstant_conjugate_multiplicity
65,20,36,534,1806,3177396,2742439896,1144947253680,nonconstant_conjugate_multiplicity
65,20,39,514,1826,3250036,2905450856,632713382992,nonconstant_conjugate_multiplicity
65,20,40,508,1832,3271984,2955206528,440739959296,nonconstant_conjugate_multiplicity
65,26,26,466,1874,3427636,2382026408,3303875281840,nonconstant_conjugate_multiplicity
65,26,30,434,1906,3548596,2653251112,3019385933872,nonconstant_conjugate_multiplicity
65,26,32,421,1919,3598321,2766770063,2776401413773,nonconstant_conjugate_multiplicity
65,26,39,386,1954,3733876,3082106728,1547012330704,nonconstant_conjugate_multiplicity
65,26,40,382,1958,3749524,3119054840,1333621090480,nonconstant_conjugate_multiplicity
65,32,33,326,2014,3971956,2653944472,2796591929488,noninteger_multiplicity
65,32,39,306,2034,4052916,2844972072,1689497705808,nonconstant_conjugate_multiplicity
65,40,40,235,2105,4346785,2166097625,875690003125,nonconstant_conjugate_multiplicity
66,22,22,652,1724,2886640,1781512640,2271873107200,nonconstant_conjugate_multiplicity
66,22,26,592,1784,3097120,2219010560,2562225602560,nonconstant_conjugate_multiplicity
66,22,30,548,1828,3256048,2564259904,2440561505536,nonconstant_conjugate_multiplicity
66,22,33,522,1854,3351780,2778219000,2143989408240,nonconstant_conjugate_multiplicity
66,22,39,482,1894,3501700,3122107480,1160403346480,nonconstant_conjugate_multiplicity
66,22,44,457,1919,3597025,3346246655,46537523305,nonconstant_conjugate_multiplicity
66,26,30,452,1924,3616240,2743624000,3210492832000,nonconstant_conjugate_multiplicity
66,26,33,432,1944,3693600,2922531840,2834654330880,nonconstant_conjugate_multiplicity
66,26,40,397,1979,3830905,3246876035,1520879034025,nonconstant_conjugate_multiplicity
66,26,44,382,1994,3890500,3390318440,571352293840,nonconstant_conjugate_multiplicity
66,30,33,366,2010,3954564,2869001640,3086430691248,nonconstant_conjugate_multiplicity
66,30,36,353,2023,4006993,2993621239,2558997149929,nonconstant_conjugate_multiplicity
66,30,39,342,2034,4051620,3100670280,1948351935600,nonconstant_conjugate_multiplicity
66,30,44,327,2049,4112865,3249027585,787334873625,nonconstant_conjugate_multiplicity
66,33,33,327,2049,4112865,2731204305,3036240994725,nonconstant_conjugate_multiplicity
66,33,39,307,2069,4195225,2928266045,1907423113645,nonconstant_conjugate_multiplicity
66,39,45,243,2133,4464153,2514365469,234567960021,nonconstant_conjugate_multiplicity
67,22,27,604,1808,3182032,2350833920,2624953703680,nonconstant_conjugate_multiplicity
67,33,34,336,2076,4222944,2906931456,3161510922240,noninteger_multiplicity
68,17,34,739,1709,2832553,2318102981,433501658281,nonconstant_conjugate_multiplicity
68,34,34,337,2111,4368193,2988975455,3423911226457,nonconstant_conjugate_multiplicity
69,17,24,944,1540,2282176,1207360000,124047880192,nonconstant_conjugate_multiplicity
69,17,26,898,1586,2425972,1471484456,360863554480,nonconstant_conjugate_multiplicity
69,23,23,682,1802,3157780,2037766472,2716749573136,nonconstant_conjugate_multiplicity
69,23,24,665,1819,3219337,2168962867,2852887429405,noninteger_multiplicity
69,23,34,550,1934,3650932,3140792792,2631457465840,nonconstant_conjugate_multiplicity
69,23,46,478,2006,3934612,3826782008,55072077040,nonconstant_conjugate_multiplicity
69,34,35,346,2138,4481620,3175502984,3561021120208,noninteger_multiplicity
69,34,42,323,2161,4580497,3423337345,1998919457245,nonconstant_conjugate_multiplicity
69,34,46,313,2171,4623817,3533226515,948274718965,nonconstant_conjugate_multiplicity
70,21,23,791,1729,2898721,1764992593,1804190957821,nonconstant_conjugate_multiplicity
70,21,35,623,1897,3507889,3092081545,1964927030605,nonconstant_conjugate_multiplicity
70,23,30,610,1910,3557380,2866199480,3101154341200,nonconstant_conjugate_multiplicity
70,23,35,563,1957,3739129,3292411789,2620164827533,nonconstant_conjugate_multiplicity
70,23,42,516,2004,3925296,3744562176,1236520816128,nonconstant_conjugate_multiplicity
70,30,35,416,2104,4336096,3478703104,3834944659456,nonconstant_conjugate_multiplicity
70,30,40,393,2127,4433409,3723715503,2748838715721,nonconstant_conjugate_multiplicity
70,30,46,372,2148,4523184,3953316672,1121224322304,nonconstant_conjugate_multiplicity
70,35,35,347,2173,4631209,3262474837,3847568707021,nonconstant_conjugate_multiplicity
70,35,42,324,2196,4731696,3517675776,2256184502784,nonconstant_conjugate_multiplicity
70,35,46,314,2206,4775716,3630802456,1181745562960,nonconstant_conjugate_multiplicity
70,42,46,256,2264,5034976,2896036352,654178091008,nonconstant_conjugate_multiplicity
71,35,36,356,2200,4747984,3460124800,3997241913856,noninteger_multiplicity
72,18,24,996,1596,2453904,1272995136,109819411200,nonconstant_conjugate_multiplicity
72,18,27,925,1667,2685577,1715824763,565335635245,nonconstant_conjugate_multiplicity
72,18,36,783,1809,3179169,2754891729,544264139889,nonconstant_conjugate_multiplicity
72,24,24,712,1880,3441088,2317483520,3223963684864,nonconstant_conjugate_multiplicity
72,24,36,570,2022,3995172,3612885336,3040413792912,nonconstant_conjugate_multiplicity
72,24,48,499,2093,4287337,4351248629,64722511345,nonconstant_conjugate_multiplicity
72,36,36,357,2235,4901913,3552168195,4309374391137,nonconstant_conjugate_multiplicity
73,36,37,366,2262,5022036,3761262648,4472355701520,noninteger_multiplicity
74,37,37,367,2297,5180305,3858521273,4811552241397,nonconstant_conjugate_multiplicity
75,25,25,742,1958,3736564,2621691512,3799083022096,nonconstant_conjugate_multiplicity
75,25,30,668,2032,4031824,3320743168,4289488193536,nonconstant_conjugate_multiplicity
75,25,37,598,2102,4321204,4043415608,3670133449360,nonconstant_conjugate_multiplicity
75,25,50,520,2180,4655200,4921568000,75581440000,nonconstant_conjugate_multiplicity
75,30,37,486,2214,4804596,4267431864,4918391504208,nonconstant_conjugate_multiplicity
75,30,45,446,2254,4983316,4747365784,2749503013456,nonconstant_conjugate_multiplicity
75,37,38,376,2324,5303776,4079382272,4988607889408,noninteger_multiplicity
75,37,50,340,2360,5472400,4540526720,1326879347200,nonconstant_conjugate_multiplicity
76,19,25,1061,1675,2707129,1441051075,60004487125,nonconstant_conjugate_multiplicity
76,19,30,947,1789,3102025,2245597525,861499749625,nonconstant_conjugate_multiplicity
76,19,36,852,1884,3450960,3022237440,868461834240,nonconstant_conjugate_multiplicity
76,19,38,827,1909,3545785,3243362365,674997748345,nonconstant_conjugate_multiplicity
76,20,24,1027,1709,2822185,1500818165,458680283425,noninteger_multiplicity
76,20,28,932,1804,3155920,2186303680,1308791200000,nonconstant_conjugate_multiplicity
76,20,30,894,1842,3294468,2487562056,1528512784848,nonconstant_conjugate_multiplicity
76,20,35,818,1918,3580228,3138285304,1556988365296,nonconstant_conjugate_multiplicity
76,20,38,782,1954,3719620,3469561480,1267587874000,nonconstant_conjugate_multiplicity
76,20,40,761,1975,3802129,3669804775,966198846865,nonconstant_conjugate_multiplicity
76,20,42,742,1994,3877540,3855478760,587444242000,nonconstant_conjugate_multiplicity
76,25,34,647,2089,4265425,3834202825,4221428325625,nonconstant_conjugate_multiplicity
76,25,36,628,2108,4345168,4037174144,3984757794304,nonconstant_conjugate_multiplicity
76,25,38,611,2125,4417129,4222649125,3655440175033,nonconstant_conjugate_multiplicity
76,30,38,497,2239,4914625,4474921375,5007410607625,nonconstant_conjugate_multiplicity
76,30,46,457,2279,5095345,4966727255,2710088823625,nonconstant_conjugate_multiplicity
76,38,38,377,2359,5466385,4181999815,5356389228265,nonconstant_conjugate_multiplicity
76,38,50,341,2395,5637529,4655709955,1626318450505,nonconstant_conjugate_multiplicity
77,19,28,1024,1748,2955712,1895335424,435519139840,nonconstant_conjugate_multiplicity
77,19,29,1002,1770,3033108,2056180680,580732816464,nonconstant_conjugate_multiplicity
77,22,22,1009,1763,3008377,1483502795,835134485365,nonconstant_conjugate_multiplicity
77,22,35,762,2010,3940308,3564525960,2723980032720,nonconstant_conjugate_multiplicity
77,22,38,729,2043,4074057,3896297235,2395382816565,nonconstant_conjugate_multiplicity
77,28,49,496,2276,5080384,5286000896,1550616371200,nonconstant_conjugate_multiplicity
77,38,39,386,2386,5593204,4414949416,5548306891600,noninteger_multiplicity
77,38,42,375,2397,5645817,4561416693,4695889519485,nonconstant_conjugate_multiplicity
78,21,26,992,1816,3196768,1999662976,1234814267392,nonconstant_conjugate_multiplicity
78,21,33,859,1949,3697513,3122066069,2128945349173,nonconstant_conjugate_multiplicity
78,21,38,794,2014,3955108,3744984664,1832650978768,nonconstant_conjugate_multiplicity
78,21,39,783,2025,3999537,3855407625,1697494652829,nonconstant_conjugate_multiplicity
78,22,24,989,1819,3207673,1841280931,1341538327801,nonconstant_conjugate_multiplicity
78,22,26,940,1868,3388336,2228359616,1940356251904,nonconstant_conjugate_multiplicity
78,22,28,898,1910,3547012,2581533080,2369505325264,nonconstant_conjugate_multiplicity
78,22,39,744,2064,4159008,4052837376,2283317600256,nonconstant_conjugate_multiplicity
78,22,42,716,2092,4275376,4351259584,1709900550400,nonconstant_conjugate_multiplicity
78,26,26,772,2036,4044208,2951418176,4447913327872,nonconstant_conjugate_multiplicity
78,26,28,739,2069,4179673,3279532589,4801568947993,nonconstant_conjugate_multiplicity
78,26,33,674,2134,4452868,3965560984,4983822485488,nonconstant_conjugate_multiplicity
78,26,39,618,2190,4695012,4599919800,4192268061744,nonconstant_conjugate_multiplicity
78,26,42,596,2212,4791856,4860347968,3486924770560,nonconstant_conjugate_multiplicity
78,26,44,583,2225,4849537,5017252625,2924424413449,nonconstant_conjugate_multiplicity
78,26,52,541,2267,5038201,5539661603,87745141225,nonconstant_conjugate_multiplicity
78,33,35,495,2313,5248881,4523638185,6751751135085,nonconstant_conjugate_multiplicity
78,33,39,471,2337,5360481,4831385265,5881905451485,nonconstant_conjugate_multiplicity
78,33,42,456,2352,5430816,5027823360,5039041674240,noninteger_multiplicity
78,33,45,443,2365,5492137,5200637365,4064300215045,nonconstant_conjugate_multiplicity
78,39,39,387,2421,5760153,4523069565,5946235330077,nonconstant_conjugate_multiplicity
78,39,42,376,2432,5813536,4673447936,5081360634880,nonconstant_conjugate_multiplicity
78,42,44,339,2469,5994873,4453110621,4138678557081,nonconstant_conjugate_multiplicity
78,42,52,321,2487,6084081,4707435879,1352891090745,nonconstant_conjugate_multiplicity
79,39,40,396,2448,5890320,4768429824,6153824130048,noninteger_multiplicity
80,20,30,1029,1851,3322521,2359730691,864599764041,nonconstant_conjugate_multiplicity
80,20,40,871,2009,3932401,3786404489,827969012161,nonconstant_conjugate_multiplicity
80,40,40,397,2483,6061609,4882196267,6583503533041,nonconstant_conjugate_multiplicity
81,20,36,955,1961,3740545,3268879145,1060205299525,nonconstant_conjugate_multiplicity
81,24,27,922,1994,3871060,2757183560,3136789362640,nonconstant_conjugate_multiplicity
81,24,30,865,2051,4101625,3308888555,3771792553285,nonconstant_conjugate_multiplicity
81,24,38,757,2159,4556305,4464779615,3760770240325,nonconstant_conjugate_multiplicity
81,24,45,694,2222,4832308,5208341336,2259193274128,nonconstant_conjugate_multiplicity
81,27,27,802,2114,4364020,3307691240,5176498508560,nonconstant_conjugate_multiplicity
81,27,30,754,2162,4569268,3826541096,5705241750448,nonconstant_conjugate_multiplicity
81,27,32,727,2189,4686745,4131485765,5835854042485,nonconstant_conjugate_multiplicity
81,27,36,682,2234,4885780,4661062280,5654382636400,nonconstant_conjugate_multiplicity
81,27,40,646,2270,5047924,5104240280,4989527560240,nonconstant_conjugate_multiplicity
81,27,45,610,2306,5212660,5565069800,3629255534800,nonconstant_conjugate_multiplicity
81,27,48,592,2324,5296000,5802191360,2586803384320,nonconstant_conjugate_multiplicity
81,27,54,562,2354,5436340,6207450920,101313557680,nonconstant_conjugate_multiplicity
81,30,34,622,2294,5157460,4695955640,7127904991600,nonconstant_conjugate_multiplicity
81,30,36,604,2312,5240368,4924486016,6893853935104,nonconstant_conjugate_multiplicity
81,30,51,514,2402,5664628,6135255656,2268088327504,nonconstant_conjugate_multiplicity
81,30,54,502,2414,5722420,6305416280,925769618800,nonconstant_conjugate_multiplicity
81,36,36,487,2429,5795065,5010018965,8118711920485,nonconstant_conjugate_multiplicity
81,36,45,442,2474,6015700,5648686280,5507944195600,nonconstant_conjugate_multiplicity
81,36,50,424,2492,6105088,5912539136,3530004594688,nonconstant_conjugate_multiplicity
81,36,54,412,2504,6165040,6091130240,1757331543040,nonconstant_conjugate_multiplicity
81,40,41,406,2510,6195124,5140289240,6807594034576,noninteger_multiplicity
81,40,54,367,2549,6392425,5723078525,1808893167325,nonconstant_conjugate_multiplicity
81,45,48,334,2582,6561748,4895854136,3762414187696,nonconstant_conjugate_multiplicity
81,45,54,322,2594,6623860,5079726440,1425992628400,nonconstant_conjugate_multiplicity
81,48,55,298,2618,6748948,4639902344,615067487056,nonconstant_conjugate_multiplicity
82,27,30,780,2172,4611312,3859557120,5747219412480,nonconstant_conjugate_multiplicity
82,27,33,739,2213,4791097,4330276685,5951700368965,nonconstant_conjugate_multiplicity
82,27,41,659,2293,5151577,5313396925,4970812259365,nonconstant_conjugate_multiplicity
82,41,41,407,2545,6370753,5259845665,7270669831237,nonconstant_conjugate_multiplicity
82,41,54,368,2584,6570784,5857328512,2185684369408,nonconstant_conjugate_multiplicity
83,41,42,416,2572,6507616,5530993408,7512114042880,noninteger_multiplicity
84,21,28,1164,1860,3350736,2030762880,210971920896,nonconstant_conjugate_multiplicity
84,21,36,998,2026,3995812,3518926984,1465049803600,nonconstant_conjugate_multiplicity
84,21,42,915,2109,4339017,4386907701,1005566264649,nonconstant_conjugate_multiplicity
84,28,28,832,2192,4696000,3691538432,5991120633856,nonconstant_conjugate_multiplicity
84,28,42,666,2358,5451300,5752095768,5644001572560,nonconstant_conjugate_multiplicity
84,28,56,583,2441,5849617,6926857433,116390296465,nonconstant_conjugate_multiplicity
84,42,42,417,2607,6687585,5656483503,8010273226617,nonconstant_conjugate_multiplicity
85,20,35,1106,1954,3707956,2990940904,295454683216,nonconstant_conjugate_multiplicity
85,20,39,1038,2022,3978324,3641710968,323986403664,nonconstant_conjugate_multiplicity
85,21,32,1106,1954,3707956,2778220648,887801663728,nonconstant_conjugate_multiplicity
85,21,34,1066,1994,3865876,3149985608,1162303434544,nonconstant_conjugate_multiplicity
85,21,40,970,2090,4257940,4121053640,1162285990000,nonconstant_conjugate_multiplicity
85,28,45,664,2396,5630656,6187583744,5017919340544,nonconstant_conjugate_multiplicity
85,28,51,626,2434,5814196,6732453736,2722495133776,nonconstant_conjugate_multiplicity
85,30,34,709,2351,5417041,5057285471,8046547062757,nonconstant_conjugate_multiplicity
85,30,35,698,2362,5468884,5203400968,8012783025616,nonconstant_conjugate_multiplicity
85,30,55,562,2498,6129844,7154082152,1565865522256,nonconstant_conjugate_multiplicity
85,34,34,611,2449,5887441,5353673185,9709855386301,nonconstant_conjugate_multiplicity
85,34,35,602,2458,5931604,5481900424,9619996575952,noninteger_multiplicity
85,34,42,551,2509,6184921,6231214405,8110498227613,nonconstant_conjugate_multiplicity
85,34,45,534,2526,6270516,6489647640,7087421391120,nonconstant_conjugate_multiplicity
85,34,51,506,2554,6412756,6924864520,4545404607184,nonconstant_conjugate_multiplicity
85,35,40,545,2515,6215065,6048134875,8899589228125,nonconstant_conjugate_multiplicity
85,35,50,494,2566,6474196,6835711096,5177035613296,noninteger_multiplicity
85,35,51,490,2570,6494740,6899165000,4711615258000,nonconstant_conjugate_multiplicity
85,42,43,426,2634,6827796,5941008072,8269944600528,noninteger_multiplicity
85,51,56,311,2749,7446841,5208741973,1381052601445,nonconstant_conjugate_multiplicity
86,34,43,562,2534,6309700,6497834840,8239559813680,nonconstant_conjugate_multiplicity
86,34,52,517,2579,6539785,7206615755,4488841798825,nonconstant_conjugate_multiplicity
86,43,43,427,2669,7012105,6072575525,8804915729005,nonconstant_conjugate_multiplicity
87,29,29,862,2270,5040148,4103987480,6898299936784,nonconstant_conjugate_multiplicity
87,29,43,694,2438,5831092,6336040184,6636158111440,nonconstant_conjugate_multiplicity
87,29,58,604,2528,6278032,7699802624,133082629120,nonconstant_conjugate_multiplicity
87,43,44,436,2696,7155664,6370798976,9083709160960,noninteger_multiplicity
87,43,58,394,2738,7383892,7094935592,2411621079280,nonconstant_conjugate_multiplicity
88,22,29,1229,1939,3645673,2259185131,135816901141,nonconstant_conjugate_multiplicity
88,22,33,1133,2035,4027177,3147398155,1269339400549,nonconstant_conjugate_multiplicity
88,22,36,1075,2093,4266601,3738217301,1683904205569,nonconstant_conjugate_multiplicity
88,22,44,959,2209,4765633,5047761601,1210299643921,nonconstant_conjugate_multiplicity
88,24,29,1112,2056,4113088,2892874240,2198691162112,nonconstant_conjugate_multiplicity
88,24,32,1046,2122,4388836,3570876136,3127401828880,nonconstant_conjugate_multiplicity
88,24,44,872,2296,5157568,5628689920,3016586801152,nonconstant_conjugate_multiplicity
88,29,33,825,2343,5375601,4933872999,7764814464165,nonconstant_conjugate_multiplicity
88,29,44,707,2461,5942473,6577428565,6612747304657,nonconstant_conjugate_multiplicity
88,33,40,640,2528,6276736,6461365760,9603342991360,nonconstant_conjugate_multiplicity
88,33,44,611,2557,6424201,6912555445,8476542017425,nonconstant_conjugate_multiplicity
88,33,55,553,2615,6724177,7853789015,3506496113245,nonconstant_conjugate_multiplicity
88,33,58,541,2627,6787081,8055078155,1800752967145,nonconstant_conjugate_multiplicity
88,44,44,437,2731,7344313,6508587475,9657262356097,nonconstant_conjugate_multiplicity
88,44,58,395,2773,7575481,7249711789,2878054267465,nonconstant_conjugate_multiplicity
89,44,45,446,2758,7491220,6820831864,9956094185488,noninteger_multiplicity
90,30,30,892,2348,5396464,4546066112,7904794813696,nonconstant_conjugate_multiplicity
90,30,36,803,2437,5822329,5756215933,8919187093033,nonconstant_conjugate_multiplicity
90,30,45,714,2526,6264036,7082186616,7443630938736,nonconstant_conjugate_multiplicity
90,30,60,625,2615,6721585,8528207975,151501491625,nonconstant_conjugate_multiplicity
90,45,45,447,2793,7684209,6964985097,10570041133461,nonconstant_conjugate_multiplicity
91,26,35,992,2284,5098720,4718926720,5258318848000,nonconstant_conjugate_multiplicity
91,26,39,932,2344,5376400,5493773440,5498339319040,nonconstant_conjugate_multiplicity
91,26,45,862,2414,5709460,6461843480,4656281995600,nonconstant_conjugate_multiplicity
91,30,39,792,2484,6052320,6341950080,8965118361600,nonconstant_conjugate_multiplicity
91,35,36,690,2586,6569460,6431537160,12202134030000,noninteger_multiplicity
91,35,39,662,2614,6715060,6881773240,11864899166800,nonconstant_conjugate_multiplicity
91,35,42,638,2638,6841108,7277471704,11182419764272,nonconstant_conjugate_multiplicity
91,35,48,599,2677,7048393,7939963261,8992224600061,nonconstant_conjugate_multiplicity
91,35,52,578,2698,7161268,8306785864,7048153922992,nonconstant_conjugate_multiplicity
91,35,56,560,2716,7258720,8626885120,4799198924800,nonconstant_conjugate_multiplicity
91,35,63,534,2742,7400628,9098581176,281876813136,nonconstant_conjugate_multiplicity
91,39,39,582,2694,7139700,6979453560,13102997121360,nonconstant_conjugate_multiplicity
91,39,40,575,2701,7177465,7099592005,12862700075485,noninteger_multiplicity
91,39,42,562,2714,7247860,7324814600,12285712971760,nonconstant_conjugate_multiplicity
91,39,52,512,2764,7521760,8216819200,7888567029760,nonconstant_conjugate_multiplicity
91,39,56,497,2779,7604905,8492471155,5600544560485,nonconstant_conjugate_multiplicity
91,39,60,484,2792,7677328,8734403456,3090619391488,nonconstant_conjugate_multiplicity
91,42,49,482,2794,7688500,7794198280,9637543097680,nonconstant_conjugate_multiplicity
91,42,65,434,2842,7959028,8696940616,4084229968,nonconstant_conjugate_multiplicity
91,45,46,456,2820,7834464,7291572480,10889849143296,noninteger_multiplicity
91,45,52,435,2841,7953345,7683612345,7961310397485,nonconstant_conjugate_multiplicity
92,23,39,1101,2211,4769289,4547498571,2098079532045,nonconstant_conjugate_multiplicity
92,23,42,1055,2257,4974817,5105986273,2030528822425,nonconstant_conjugate_multiplicity
92,23,46,1003,2309,5212249,5771855789,1444801092889,nonconstant_conjugate_multiplicity
92,26,28,1174,2138,4451812,2962147688,2495734675600,nonconstant_conjugate_multiplicity
92,26,33,1059,2253,4956777,4259163573,4650924002445,nonconstant_conjugate_multiplicity
92,26,42,921,2391,5597649,6052369383,5255858879865,nonconstant_conjugate_multiplicity
92,26,44,898,2414,5708164,6377372792,4931923404688,nonconstant_conjugate_multiplicity
92,26,46,877,2435,5809993,6680804795,4470848598937,nonconstant_conjugate_multiplicity
92,28,32,990,2322,5272452,4574906568,6510546959760,nonconstant_conjugate_multiplicity
92,28,46,808,2504,6150784,7132834304,6204741812224,nonconstant_conjugate_multiplicity
92,28,52,760,2552,6393472,7888905728,3916904304640,nonconstant_conjugate_multiplicity
92,46,46,457,2855,8031793,7442234135,11546043094537,nonconstant_conjugate_multiplicity
92,46,52,436,2876,8152144,7843105088,8578934291200,nonconstant_conjugate_multiplicity
92,52,56,369,2943,8542017,7090702335,5259670166385,nonconstant_conjugate_multiplicity
93,23,31,1306,2042,4049236,2668689800,18232817680,nonconstant_conjugate_multiplicity
93,23,35,1210,2138,4450516,3652088840,1302449034640,nonconstant_conjugate_multiplicity
93,23,40,1117,2231,4856833,4717442807,1901020187773,nonconstant_conjugate_multiplicity
93,23,42,1086,2262,4996116,5098050360,1855409347440,nonconstant_conjugate_multiplicity
93,31,31,922,2426,5764948,5018802056,9017601824272,nonconstant_conjugate_multiplicity
93,31,46,742,2606,6670708,7751588696,8660110671472,nonconstant_conjugate_multiplicity
93,31,62,646,2702,7180276,9413994968,171761484400,nonconstant_conjugate_multiplicity
93,46,47,466,2882,8185396,7783486568,11887786511440,noninteger_multiplicity
93,46,62,421,2927,8446801,8670151583,3153707214325,nonconstant_conjugate_multiplicity
94,31,42,800,2584,6555232,7283944576,9977950572544,nonconstant_conjugate_multiplicity
94,31,47,755,2629,6789817,8027517421,8631278790589,nonconstant_conjugate_multiplicity
94,31,54,706,2678,7049860,8873531576,5458426688848,nonconstant_conjugate_multiplicity
94,47,47,467,2917,8387065,7940800333,12588122280637,nonconstant_conjugate_multiplicity
94,47,62,422,2962,8651620,8846913448,3722978323792,nonconstant_conjugate_multiplicity
95,38,47,616,2804,7739296,8720395136,12650118873088,nonconstant_conjugate_multiplicity
95,38,57,566,2854,8022196,9683290936,7103761545808,nonconstant_conjugate_multiplicity
95,47,48,476,2944,8544016,8297039872,12952781774848,noninteger_multiplicity
95,47,57,446,2974,8721556,8909592472,7760068841488,nonconstant_conjugate_multiplicity
95,47,60,438,2982,8769204,9075645432,5768009376624,nonconstant_conjugate_multiplicity
96,24,32,1332,2124,4386960,3041737920,369423141120,nonconstant_conjugate_multiplicity
96,24,36,1237,2219,4799545,4093311635,1801826500225,nonconstant_conjugate_multiplicity
96,24,38,1197,2259,4978665,4571730315,2219682517065,nonconstant_conjugate_multiplicity
96,24,40,1161,2295,5142609,5020838055,2450147614785,noninteger_multiplicity
96,24,45,1085,2371,5497225,6027899995,2276307614965,nonconstant_conjugate_multiplicity
96,24,48,1047,2409,5678865,6562079865,1711824359265,nonconstant_conjugate_multiplicity
96,30,32,1028,2428,5770768,5043363904,8069728820992,nonconstant_conjugate_multiplicity
96,30,33,1009,2447,5863393,5309483471,8483685505381,nonconstant_conjugate_multiplicity
96,30,38,929,2527,6261313,6488610751,9593367202681,nonconstant_conjugate_multiplicity
96,30,44,857,2599,6630385,7632704215,9171809645425,nonconstant_conjugate_multiplicity
96,30,48,819,2637,6829353,8268980661,8054634751281,nonconstant_conjugate_multiplicity
96,30,57,753,2703,7181793,9428585679,3707996158917,nonconstant_conjugate_multiplicity
96,32,32,952,2504,6145600,5523223040,10243955691520,nonconstant_conjugate_multiplicity
96,32,38,862,2594,6604420,6911920520,11545325400400,nonconstant_conjugate_multiplicity
96,32,40,838,2618,6729508,7303350824,11516835256336,nonconstant_conjugate_multiplicity
96,32,48,762,2694,7133220,8602965720,9642740029200,noninteger_multiplicity
96,32,57,702,2754,7460100,9694796040,5041041473520,nonconstant_conjugate_multiplicity
96,32,60,686,2770,7548484,9995943880,3077420402320,nonconstant_conjugate_multiplicity
96,32,64,667,2789,7654105,10359085085,193980872305,nonconstant_conjugate_multiplicity
96,38,40,685,2771,7554025,7967913515,15429563948305,nonconstant_conjugate_multiplicity
96,38,48,627,2829,7878825,9053549685,12829721069745,nonconstant_conjugate_multiplicity
96,38,58,577,2879,8164225,10035229535,7025688876745,nonconstant_conjugate_multiplicity
96,38,60,569,2887,8210353,10196286391,5621717115313,noninteger_multiplicity
96,40,42,629,2827,7867513,8319049651,15708495698425,nonconstant_conjugate_multiplicity
96,40,48,591,2865,8083809,9050560785,13408080630273,nonconstant_conjugate_multiplicity
96,40,56,553,2903,8302993,9806894279,8845852735489,nonconstant_conjugate_multiplicity
96,40,57,549,2907,8326233,9887965731,8182793152485,nonconstant_conjugate_multiplicity
96,48,48,477,2979,8750025,8461149435,13699195740945,nonconstant_conjugate_multiplicity
96,48,57,447,3009,8929665,9086894145,8437157643645,nonconstant_conjugate_multiplicity
96,48,60,439,3017,8977873,9256496921,6413539805233,nonconstant_conjugate_multiplicity
96,57,60,361,3095,9454609,7541800055,4443618603745,nonconstant_conjugate_multiplicity
96,57,65,353,3103,9504193,7715153359,1325536507141,nonconstant_conjugate_multiplicity
97,32,39,874,2618,6728212,7191384200,11738055468880,nonconstant_conjugate_multiplicity
97,48,49,486,3006,8910324,8832698136,14087773426320,noninteger_multiplicity
98,49,49,487,3041,9120673,9003747185,14882243532517,nonconstant_conjugate_multiplicity
99,33,33,982,2582,6538420,6060356792,11591329301776,nonconstant_conjugate_multiplicity
99,33,36,933,2631,6793857,6847422183,12625224589845,nonconstant_conjugate_multiplicity
99,33,42,856,2708,7204960,8161088768,12962877276160,nonconstant_conjugate_multiplicity
99,33,44,835,2729,7319137,8535965417,12649674241645,nonconstant_conjugate_multiplicity
99,33,49,790,2774,7566772,9363659192,11115038064400,nonconstant_conjugate_multiplicity
99,33,63,702,2862,8062740,11080164312,2623087904976,nonconstant_conjugate_multiplicity
99,33,66,688,2876,8143072,11365399808,218281584640,nonconstant_conjugate_multiplicity
99,42,57,562,3002,8883700,10655190728,10690899821392,nonconstant_conjugate_multiplicity
99,42,63,540,3024,9016272,11134174464,6138480837888,nonconstant_conjugate_multiplicity
99,49,50,496,3068,9284320,9390927104,15295762966528,noninteger_multiplicity
99,49,55,478,3086,9395092,9787866200,12225227266000,nonconstant_conjugate_multiplicity
99,49,60,463,3101,9487897,10123230005,8716207636525,nonconstant_conjugate_multiplicity
99,49,66,448,3116,9581152,10462780160,4055134935040,nonconstant_conjugate_multiplicity
99,63,63,342,3222,10252980,7254255672,2637855928656,nonconstant_conjugate_multiplicity
99,63,66,338,3226,10278772,7346466568,775921926640,nonconstant_conjugate_multiplicity
100,25,33,1397,2203,4723609,3339767827,261580293205,nonconstant_conjugate_multiplicity
100,25,36,1322,2278,5059684,4219047352,1626828714064,nonconstant_conjugate_multiplicity
100,25,44,1172,2428,5765584,6210785152,2942479564288,nonconstant_conjugate_multiplicity
100,25,45,1157,2443,5838649,6427652707,2891257197061,nonconstant_conjugate_multiplicity
100,25,50,1091,2509,6165481,7421323429,2014244995561,nonconstant_conjugate_multiplicity
100,25,54,1047,2553,6388209,8120094777,647047517193,nonconstant_conjugate_multiplicity
100,25,55,1037,2563,6439369,8283023947,223022496301,nonconstant_conjugate_multiplicity
100,30,30,1201,2399,5625601,4261777919,5653049901961,nonconstant_conjugate_multiplicity
100,30,33,1131,2469,5966361,5227468029,7653418542189,nonconstant_conjugate_multiplicity
100,30,35,1091,2509,6165481,5811749749,8604539261701,nonconstant_conjugate_multiplicity
100,30,42,981,2619,6729561,7543874979,9867777021513,nonconstant_conjugate_multiplicity
100,30,44,956,2644,6861136,7963770304,9723710268160,nonconstant_conjugate_multiplicity
100,30,50,893,2707,7198249,9066092203,8209620094921,nonconstant_conjugate_multiplicity
100,30,55,851,2749,7427401,9836694469,5916758105461,nonconstant_conjugate_multiplicity
100,30,60,816,2784,7621056,10501069824,2873586917376,nonconstant_conjugate_multiplicity
100,33,50,803,2797,7693609,9676436869,11080007452393,nonconstant_conjugate_multiplicity
100,33,60,736,2864,8072896,10994506496,5261213630464,nonconstant_conjugate_multiplicity
100,36,40,816,2784,7621056,8357879808,16036523016192,noninteger_multiplicity
100,36,44,776,2824,7845376,9111443968,15467406659584,nonconstant_conjugate_multiplicity
100,36,50,728,2872,8118784,10051540480,13290576117760,nonconstant_conjugate_multiplicity
100,36,55,696,2904,8303616,10700287488,10527668692992,nonconstant_conjugate_multiplicity
100,36,64,651,2949,8567001,11642820093,3946566114369,nonconstant_conjugate_multiplicity
100,44,45,606,2994,8834436,9548045640,18639417792240,noninteger_multiplicity
100,44,50,578,3022,9002884,10146389176,16256223147472,nonconstant_conjugate_multiplicity
100,44,56,551,3049,9166801,10736824825,12487483449169,nonconstant_conjugate_multiplicity
100,44,60,536,3064,9258496,11070599680,9545304616960,nonconstant_conjugate_multiplicity
100,44,63,526,3074,9319876,11295413000,7154432481712,nonconstant_conjugate_multiplicity
100,44,70,506,3094,9443236,11750578840,1072255362640,nonconstant_conjugate_multiplicity
100,45,50,563,3037,9093769,10083110293,16361811771241,nonconstant_conjugate_multiplicity
100,45,55,541,3059,9227881,10566400859,13263204946861,nonconstant_conjugate_multiplicity
100,50,50,497,3103,9499009,9569059327,16140308720281,nonconstant_conjugate_multiplicity
100,50,55,479,3121,9611041,9974219761,13034025762901,nonconstant_conjugate_multiplicity
100,50,60,464,3136,9704896,10316486656,9475607289856,nonconstant_conjugate_multiplicity
100,50,66,449,3151,9799201,10662987151,4741345948825,nonconstant_conjugate_multiplicity
100,55,60,416,3184,10008256,9397690624,8434032050176,nonconstant_conjugate_multiplicity
100,60,60,376,3224,10264576,8273867264,6662379728896,nonconstant_conjugate_multiplicity
100,60,66,366,3234,10329156,8508382344,2589780984912,nonconstant_conjugate_multiplicity
101,25,38,1314,2322,5260788,4692269736,1847188244016,nonconstant_conjugate_multiplicity
101,50,51,506,3130,9666004,9972192520,16579814904016,noninteger_multiplicity
102,34,34,1012,2660,6943408,6631231040,13067433704704,nonconstant_conjugate_multiplicity
102,34,51,810,2862,8058852,10327206456,12296479968432,nonconstant_conjugate_multiplicity
102,34,68,709,2963,8647177,12434860619,244789215145,nonconstant_conjugate_multiplicity
102,51,51,507,3165,9885033,10157551605,17476497377037,nonconstant_conjugate_multiplicity
103,51,52,516,3192,10055376,10576960128,17943056755200,noninteger_multiplicity
104,26,39,1341,2403,5639625,5211955611,2486467394973,nonconstant_conjugate_multiplicity
104,26,52,1135,2609,6672097,8352476081,2355060359089,nonconstant_conjugate_multiplicity
104,52,52,517,3227,10278745,10769689763,18893978583457,nonconstant_conjugate_multiplicity
105,26,35,1474,2306,5181556,3867558632,97042925392,nonconstant_conjugate_multiplicity
105,26,42,1316,2464,5935216,5989570048,2820456959488,nonconstant_conjugate_multiplicity
105,28,33,1406,2374,5499796,4097153656,2234888855440,nonconstant_conjugate_multiplicity
105,28,35,1354,2426,5749396,4792427144,3622314257104,nonconstant_conjugate_multiplicity
105,28,39,1266,2514,6184116,6059152296,5561367876432,nonconstant_conjugate_multiplicity
105,28,42,1211,2569,6463681,6909913801,6332259572653,nonconstant_conjugate_multiplicity
105,28,55,1042,2738,7360564,9820143656,4164914763088,nonconstant_conjugate_multiplicity
105,30,30,1380,2400,5623920,3792960000,2944745280000,nonconstant_conjugate_multiplicity
105,30,35,1250,2530,6264820,5619889000,7067521810000,nonconstant_conjugate_multiplicity
105,30,39,1170,2610,6676020,6870825000,8950476834000,nonconstant_conjugate_multiplicity
105,30,42,1120,2660,6939520,7703360000,9632261632000,nonconstant_conjugate_multiplicity
105,30,50,1016,2764,7503616,9563705344,8902644391936,noninteger_multiplicity
105,30,52,995,2785,7620145,9960900625,8231245745125,nonconstant_conjugate_multiplicity
105,30,60,925,2855,8014945,11338418375,3996262988125,nonconstant_conjugate_multiplicity
105,30,65,890,2890,8216020,12058525000,304598890000,nonconstant_conjugate_multiplicity
105,35,35,1042,2738,7360564,7236873512,14680218113296,nonconstant_conjugate_multiplicity
105,35,39,978,2802,7715124,8399510568,16195939799184,nonconstant_conjugate_multiplicity
105,35,40,964,2816,7793776,8662962176,16384178630656,nonconstant_conjugate_multiplicity
105,35,42,938,2842,7940884,9161027848,16556178451120,nonconstant_conjugate_multiplicity
105,35,48,873,2907,8314569,10456854003,15649249416237,nonconstant_conjugate_multiplicity
105,35,52,838,2942,8519284,11185025048,14058160369840,nonconstant_conjugate_multiplicity
105,35,56,808,2972,8696704,11826372608,11827661406208,nonconstant_conjugate_multiplicity
105,35,60,782,2998,8851924,12395183032,9058162524976,nonconstant_conjugate_multiplicity
105,35,65,754,3026,9020596,13021350056,4960698857296,nonconstant_conjugate_multiplicity
105,35,70,730,3050,9166420,13569389000,273633022000,nonconstant_conjugate_multiplicity
105,39,40,848,2932,8460544,9394034176,20578104512512,noninteger_multiplicity
105,39,42,826,2954,8590036,9847040840,20561439856048,nonconstant_conjugate_multiplicity
105,39,44,806,2974,8708596,10266307480,20301277103536,nonconstant_conjugate_multiplicity
105,39,48,771,3009,8918001,11017227825,19143303612597,nonconstant_conjugate_multiplicity
105,39,55,722,3058,9215284,12105729064,15456512520592,nonconstant_conjugate_multiplicity
105,39,56,716,3064,9252016,12242028160,14787207284224,nonconstant_conjugate_multiplicity
105,39,60,694,3086,9387316,12747463640,11812356207280,nonconstant_conjugate_multiplicity
105,39,66,666,3114,9560916,13403714760,6583017561264,nonconstant_conjugate_multiplicity
105,39,70,650,3130,9660820,13785283720,2673042564400,nonconstant_conjugate_multiplicity
105,40,65,652,3128,9648304,13315720832,7995959378176,nonconstant_conjugate_multiplicity
105,42,42,756,3024,9008496,10123045632,22679078865408,nonconstant_conjugate_multiplicity
105,42,45,730,3050,9166420,10691750600,22025126918800,nonconstant_conjugate_multiplicity
105,42,52,681,3099,9467721,11797251507,18871773116733,nonconstant_conjugate_multiplicity
105,42,60,639,3141,9729801,12780330093,13182024049893,nonconstant_conjugate_multiplicity
105,42,63,626,3154,9811636,13091333032,10614831191248,nonconstant_conjugate_multiplicity
105,42,65,618,3162,9862164,13284308232,8794698675984,nonconstant_conjugate_multiplicity
105,42,70,600,3180,9976320,13722946560,3911622451200,nonconstant_conjugate_multiplicity
105,52,53,526,3254,10452436,11205695672,19388679044368,noninteger_multiplicity
105,52,70,475,3305,10786945,12486874985,5137226835325,nonconstant_conjugate_multiplicity
105,56,65,448,3332,10966144,11389575680,9085444587520,nonconstant_conjugate_multiplicity
105,60,63,418,3362,11166964,10354704488,9439617224272,nonconstant_conjugate_multiplicity
105,60,65,414,3366,11193876,10457609976,7825528403856,nonconstant_conjugate_multiplicity
105,60,70,405,3375,11254545,10690329375,3604122145125,nonconstant_conjugate_multiplicity
105,65,70,370,3410,11492020,9312914600,1789069006000,nonconstant_conjugate_multiplicity
106,30,38,1220,2596,6601840,6540466240,8280428074240,nonconstant_conjugate_multiplicity
106,30,53,1010,2806,7736260,10252731160,7945869445360,nonconstant_conjugate_multiplicity
106,35,53,851,2965,8653849,11536960285,14016101280853,nonconstant_conjugate_multiplicity
106,42,53,692,3124,9622000,12204343360,19113635883520,nonconstant_conjugate_multiplicity
106,42,64,637,3179,9968665,13521256595,10510393902505,nonconstant_conjugate_multiplicity
106,53,53,527,3289,10680145,11405939545,20395984428085,nonconstant_conjugate_multiplicity
106,53,70,476,3340,11018224,12711986560,5955385784320,nonconstant_conjugate_multiplicity
107,53,54,536,3316,10857184,11858864896,20919935303680,noninteger_multiplicity
108,27,36,1500,2388,5562576,4342415616,603498553344,nonconstant_conjugate_multiplicity
108,27,54,1179,2709,7198713,9358427421,2737389611961,nonconstant_conjugate_multiplicity
108,36,36,1072,2816,7789888,7878311936,16437869903872,nonconstant_conjugate_multiplicity
108,36,54,858,3030,9040932,12267682200,15463569136464,nonconstant_conjugate_multiplicity
108,36,72,751,3137,9700801,14770906433,304945927825,nonconstant_conjugate_multiplicity
108,54,54,537,3351,11089233,12066766695,21985810007337,nonconstant_conjugate_multiplicity
109,27,41,1418,2506,6138772,5913247816,2546666983120,nonconstant_conjugate_multiplicity
109,54,55,546,3378,11269620,12536933544,22540142073168,noninteger_multiplicity
110,55,55,547,3413,11506009,12752636957,23666813425501,nonconstant_conjugate_multiplicity
111,30,33,1518,2478,5996628,4261733784,1753958091600,nonconstant_conjugate_multiplicity
111,30,37,1410,2586,6543540,5861789640,5358553373520,nonconstant_conjugate_multiplicity
111,33,37,1262,2734,7330900,7180632280,11341610337040,nonconstant_conjugate_multiplicity
111,33,39,1222,2774,7551220,7896856760,12604362007120,nonconstant_conjugate_multiplicity
111,33,52,1037,2959,8611825,11561833855,13500088873765,nonconstant_conjugate_multiplicity
111,33,60,963,3033,9055233,13195833849,9327991400541,nonconstant_conjugate_multiplicity
111,33,65,926,3070,9281044,14050051480,5417401862800,nonconstant_conjugate_multiplicity
111,37,37,1102,2894,8231380,8556574040,18348814616080,nonconstant_conjugate_multiplicity
111,37,44,997,2999,8850145,10722699575,20674897932805,nonconstant_conjugate_multiplicity
111,37,55,886,3110,9528244,13228459640,17550264922960,nonconstant_conjugate_multiplicity
111,37,60,849,3147,9759753,14114398851,14172088371813,nonconstant_conjugate_multiplicity
111,37,66,812,3184,9994000,15026187520,8927142830080,nonconstant_conjugate_multiplicity
111,37,74,772,3224,10250320,16041334400,338864519680,nonconstant_conjugate_multiplicity
111,55,56,556,3440,11689744,13240367360,24252678900736,noninteger_multiplicity
111,55,74,502,3494,12064180,14756489720,6422644740400,nonconstant_conjugate_multiplicity
111,66,75,408,3588,12729888,11915489664,2514721406976,nonconstant_conjugate_multiplicity
112,28,37,1565,2467,5940937,4719294523,454690674325,nonconstant_conjugate_multiplicity
112,28,42,1445,2587,6547417,6517814563,3349802793145,nonconstant_conjugate_multiplicity
112,28,48,1334,2698,7134052,8380214632,4639044616720,nonconstant_conjugate_multiplicity
112,28,56,1223,2809,7745329,10442067049,3164473721089,nonconstant_conjugate_multiplicity
112,37,40,1079,2953,8575057,9604292905,19915982542225,nonconstant_conjugate_multiplicity
112,37,42,1049,2983,8753137,10233077095,20578816764985,nonconstant_conjugate_multiplicity
112,37,45,1009,3023,8993377,11096541215,20972670505525,nonconstant_conjugate_multiplicity
112,37,48,974,3058,9206212,11875865320,20725887138640,nonconstant_conjugate_multiplicity
112,37,50,953,3079,9335089,12354231943,20244793309273,nonconstant_conjugate_multiplicity
112,37,56,899,3133,9670537,13621861045,17500295522305,nonconstant_conjugate_multiplicity
112,37,60,869,3163,9859417,14349724435,14750742586225,nonconstant_conjugate_multiplicity
112,37,63,849,3183,9986337,14844445695,12283139599965,nonconstant_conjugate_multiplicity
112,37,70,809,3223,10242577,15856853815,5391708906025,nonconstant_conjugate_multiplicity
112,37,72,799,3233,10307137,16114775345,3170877606385,nonconstant_conjugate_multiplicity
112,42,56,779,3253,10436857,14296625965,22306348855345,nonconstant_conjugate_multiplicity
112,42,70,705,3327,10923777,16241831775,9223870498425,nonconstant_conjugate_multiplicity
112,42,74,689,3343,11030497,16676705935,4513146759625,nonconstant_conjugate_multiplicity
112,48,56,668,3364,11171344,14351685184,25322692712704,nonconstant_conjugate_multiplicity
112,48,64,631,3401,11421649,15360823961,18154801797985,nonconstant_conjugate_multiplicity
112,48,74,596,3436,11660944,16341121216,6929551225600,nonconstant_conjugate_multiplicity
112,56,56,557,3475,11930473,13464016075,25442415794737,nonconstant_conjugate_multiplicity
112,56,74,503,3529,12308689,15007965337,7388665703353,nonconstant_conjugate_multiplicity
113,56,57,566,3502,12117556,13969632088,26060988342160,noninteger_multiplicity
114,38,38,1132,2972,8685040,9272687552,20421715952896,nonconstant_conjugate_multiplicity
114,38,57,906,3198,10079460,14437166328,19206293168880,nonconstant_conjugate_multiplicity
114,38,76,793,3311,10814977,17382594383,375529049065,nonconstant_conjugate_multiplicity
114,57,57,567,3537,12362625,14201369793,27316101235077,nonconstant_conjugate_multiplicity
115,38,55,944,3196,10065376,14225728384,20948581126144,nonconstant_conjugate_multiplicity
115,38,69,846,3294,10701396,16756986456,9261036992592,nonconstant_conjugate_multiplicity
115,46,57,746,3394,11370196,15524060968,27147103021648,nonconstant_conjugate_multiplicity
115,46,69,686,3454,11781076,17217678808,15290083833424,nonconstant_conjugate_multiplicity
115,57,58,576,3564,12553056,14725193472,27968575961088,nonconstant_conjugate_multiplicity
115,69,76,421,3719,13681921,12970328615,4456726917109,nonconstant_conjugate_multiplicity
116,29,46,1447,2729,7297105,8118624905,4767555710185,nonconstant_conjugate_multiplicity
116,29,58,1267,2909,8311945,11606284565,3639675458185,nonconstant_conjugate_multiplicity
116,29,60,1244,2932,8446288,12091943296,2690783554048,nonconstant_conjugate_multiplicity
116,46,50,813,3363,11159433,14472983259,32441262835401,nonconstant_conjugate_multiplicity
116,46,58,757,3419,11539225,16012493315,27464168149705,nonconstant_conjugate_multiplicity
116,46,70,697,3479,11953105,17733384935,15153933649225,nonconstant_conjugate_multiplicity
116,58,58,577,3599,12802465,14965163855,29291416874425,nonconstant_conjugate_multiplicity
117,29,39,1642,2570,6453268,5380356680,232248179344,nonconstant_conjugate_multiplicity
117,29,44,1522,2690,7084468,7329507560,3427667319664,nonconstant_conjugate_multiplicity
117,29,48,1444,2768,7510192,8720440064,4686677109760,nonconstant_conjugate_multiplicity
117,29,52,1378,2834,7879924,9976190120,4884949918576,nonconstant_conjugate_multiplicity
117,36,39,1278,2934,8456724,8932938552,16670563879248,nonconstant_conjugate_multiplicity
117,39,39,1162,3050,9150868,10027680200,22665475780624,nonconstant_conjugate_multiplicity
117,39,52,988,3224,10242544,14119314560,24719155242496,nonconstant_conjugate_multiplicity
117,39,58,934,3278,10593652,15506736344,21655706314480,nonconstant_conjugate_multiplicity
117,39,72,843,3369,11198529,17975046825,8170851842181,nonconstant_conjugate_multiplicity
117,39,78,814,3398,11394772,18796607864,415083431920,nonconstant_conjugate_multiplicity
117,52,65,640,3572,12607552,17110165760,24113830666240,nonconstant_conjugate_multiplicity
117,58,59,586,3626,12996244,15507517256,29979010329040,noninteger_multiplicity
117,58,78,529,3683,13412857,17285678027,7935389706805,nonconstant_conjugate_multiplicity
118,39,59,947,3301,10743673,15943912525,21596892678637,nonconstant_conjugate_multiplicity
118,59,59,587,3661,13249993,15755864005,31371972848557,nonconstant_conjugate_multiplicity
118,59,78,530,3718,13670596,17564977144,9066092810320,nonconstant_conjugate_multiplicity
119,34,35,1536,2748,7397280,6039356544,6338213203968,noninteger_multiplicity
119,34,59,1128,3156,9806112,14538303360,13551384084480,nonconstant_conjugate_multiplicity
119,59,60,596,3688,13447120,16317069184,32095923025408,noninteger_multiplicity
119,59,68,568,3716,13654432,17211322880,23356997632000,nonconstant_conjugate_multiplicity
119,59,70,562,3722,13699060,17405218376,20918304618736,nonconstant_conjugate_multiplicity
119,59,84,528,3756,13953312,18519183360,1751422279680,nonconstant_conjugate_multiplicity
119,59,85,526,3758,13968340,18585519704,267919101328,nonconstant_conjugate_multiplicity
120,28,51,1551,2769,7511841,8842992561,773996791221,nonconstant_conjugate_multiplicity
120,30,40,1668,2652,6877584,5969291328,934063716096,nonconstant_conjugate_multiplicity
120,30,42,1617,2703,7150689,6822288207,2567262980457,nonconstant_conjugate_multiplicity
120,30,45,1549,2771,7522921,8025372971,4420507779541,nonconstant_conjugate_multiplicity
120,30,51,1437,2883,8156169,10175401467,6093266513229,nonconstant_conjugate_multiplicity
120,30,56,1362,2958,8594244,11735935992,5618268460944,nonconstant_conjugate_multiplicity
120,30,60,1311,3009,8898561,12853969569,4166479399761,nonconstant_conjugate_multiplicity
120,30,63,1277,3043,9104329,13625364187,2519707655485,nonconstant_conjugate_multiplicity
120,34,35,1573,2747,7390489,5897460131,5416549011277,noninteger_multiplicity
120,34,40,1444,2876,8115856,8260562240,11365362400000,nonconstant_conjugate_multiplicity
120,34,42,1401,2919,8365041,9111439575,13023186038793,nonconstant_conjugate_multiplicity
120,34,43,1381,2939,8482201,9518201315,13706583339757,nonconstant_conjugate_multiplicity
120,34,56,1186,3134,9666436,13861117880,15043350745744,nonconstant_conjugate_multiplicity
120,34,60,1143,3177,9937809,14913451161,13135382452017,nonconstant_conjugate_multiplicity
120,34,70,1057,3263,10491649,17124331679,4845485124697,nonconstant_conjugate_multiplicity
120,35,40,1396,2924,8394256,8761520384,13863414670336,nonconstant_conjugate_multiplicity
120,35,51,1209,3111,9522801,12832753671,18298637123085,nonconstant_conjugate_multiplicity
120,35,60,1107,3213,10167849,15326038917,15141392350641,noninteger_multiplicity
120,35,68,1039,3281,10609441,17099262881,8638452227713,nonconstant_conjugate_multiplicity
120,40,40,1192,3128,9628864,10822579712,25089234128896,nonconstant_conjugate_multiplicity
120,40,42,1158,3162,9842724,11616441768,26489425133520,nonconstant_conjugate_multiplicity
120,40,48,1073,3247,10387489,13697563663,28285280971297,nonconstant_conjugate_multiplicity
120,40,51,1038,3282,10616004,14595198408,28021881989808,nonconstant_conjugate_multiplicity
120,40,56,988,3332,10946704,15919443008,26164541632768,nonconstant_conjugate_multiplicity
120,40,60,954,3366,11174436,16848432216,23590504956816,nonconstant_conjugate_multiplicity
120,40,68,898,3422,11554564,18429536888,16103518989712,nonconstant_conjugate_multiplicity
120,40,70,886,3434,11636836,18776686184,13821674533456,nonconstant_conjugate_multiplicity
120,40,80,835,3485,11989705,20285296325,457675248625,noninteger_multiplicity
120,42,51,981,3339,10993401,15078900627,31128091416333,nonconstant_conjugate_multiplicity
120,42,52,971,3349,11060281,15348041677,30833389943713,nonconstant_conjugate_multiplicity
120,42,60,903,3417,11520369,17231797737,26227472290929,nonconstant_conjugate_multiplicity
120,42,65,869,3451,11753881,18209108323,21662206337893,nonconstant_conjugate_multiplicity
120,42,68,851,3469,11878441,18736183477,18417742571713,nonconstant_conjugate_multiplicity
120,42,78,801,3519,12227841,20235773727,5391314321913,nonconstant_conjugate_multiplicity
120,51,56,746,3574,12617956,16985549368,36653565733840,nonconstant_conjugate_multiplicity
120,51,60,723,3597,12782889,17688121605,33244692123825,nonconstant_conjugate_multiplicity
120,51,69,681,3639,13086801,19000590903,23279322802869,nonconstant_conjugate_multiplicity
120,51,70,677,3643,13115929,19127589715,22009952376025,nonconstant_conjugate_multiplicity
120,51,84,631,3689,13453201,20613309353,1702067241889,nonconstant_conjugate_multiplicity
120,56,60,648,3672,13328064,17227261440,34140412293120,nonconstant_conjugate_multiplicity
120,56,64,631,3689,13453201,17768647673,29954947534849,nonconstant_conjugate_multiplicity
120,56,68,616,3704,13564096,18251652608,25267109195776,nonconstant_conjugate_multiplicity
120,56,80,580,3740,13832080,19431304640,8871114553600,nonconstant_conjugate_multiplicity
120,56,85,568,3752,13921984,19830970880,1239497574400,nonconstant_conjugate_multiplicity
120,60,60,597,3723,13705209,16573935987,33561442301121,nonconstant_conjugate_multiplicity
120,60,68,569,3751,13914481,17483564791,24734761925713,nonconstant_conjugate_multiplicity
120,60,70,563,3757,13959529,17680776373,22267566051961,nonconstant_conjugate_multiplicity
120,60,84,529,3791,14216161,18813675311,2847477240817,nonconstant_conjugate_multiplicity
120,60,85,527,3793,14231329,18881132977,1342972774381,nonconstant_conjugate_multiplicity
120,68,70,487,3833,14536369,15520342121,18851638592233,nonconstant_conjugate_multiplicity
120,68,78,471,3849,14659281,16058216601,9030474516105,nonconstant_conjugate_multiplicity
120,68,84,461,3859,14736361,16397388811,1107060717697,nonconstant_conjugate_multiplicity
120,70,75,461,3859,14736361,15207087979,11700920576941,nonconstant_conjugate_multiplicity
121,30,44,1607,2749,7400185,7517374165,3102501165925,nonconstant_conjugate_multiplicity
121,30,52,1453,2903,8270593,10465294679,5655708321277,nonconstant_conjugate_multiplicity
121,33,40,1530,2826,7829460,7622569800,8051425628400,nonconstant_conjugate_multiplicity
121,33,44,1442,2914,8334580,9331851880,11237053876720,nonconstant_conjugate_multiplicity
121,33,55,1266,3090,9391284,13160693160,13028205142800,nonconstant_conjugate_multiplicity
121,33,64,1167,3189,10012905,15564695805,8489656189845,nonconstant_conjugate_multiplicity
121,44,55,914,3442,11690548,16685673256,32912972872528,nonconstant_conjugate_multiplicity
121,44,66,837,3519,12226545,18945117135,23651848135125,nonconstant_conjugate_multiplicity
121,44,70,815,3541,12381865,19613545885,18969261178045,nonconstant_conjugate_multiplicity
121,44,77,782,3574,12616660,20635489720,9491642402320,nonconstant_conjugate_multiplicity
121,55,66,650,3706,13577620,18619018120,29216966945200,nonconstant_conjugate_multiplicity
121,55,72,628,3728,13741168,19339253504,21584932928512,nonconstant_conjugate_multiplicity
121,60,61,606,3750,13905684,17154315000,34323008637456,noninteger_multiplicity
122,61,61,607,3785,14168113,17419845545,35863561383637,nonconstant_conjugate_multiplicity
123,41,41,1222,3206,10119028,11658413816,27702369190672,nonconstant_conjugate_multiplicity
123,41,61,982,3446,11715508,18032628536,26442406390672,nonconstant_conjugate_multiplicity
123,41,82,856,3572,12599776,21850581248,503455744000,nonconstant_conjugate_multiplicity
123,61,62,616,3812,14371936,18019720448,36664024760320,noninteger_multiplicity
123,61,82,556,3872,14832976,20088493568,9700802022400,nonconstant_conjugate_multiplicity
124,31,41,1733,2731,7297657,6434260579,735084132565,nonconstant_conjugate_multiplicity
124,31,62,1355,3109,9505177,14188011661,4748491927129,nonconstant_conjugate_multiplicity
124,41,62,995,3469,11873257,18515888101,26373762507289,nonconstant_conjugate_multiplicity
124,62,62,617,3847,14638705,18294058423,38282129255497,nonconstant_conjugate_multiplicity
124,62,82,557,3907,15103945,20397075643,11013913440937,nonconstant_conjugate_multiplicity
125,31,47,1626,2874,8097876,8955533448,4519105697808,nonconstant_conjugate_multiplicity
125,31,50,1566,2934,8446356,10164936888,5820810759792,nonconstant_conjugate_multiplicity
125,50,50,901,3599,12790801,17115407999,45646662125701,nonconstant_conjugate_multiplicity
125,50,62,811,3689,13446721,19963100969,37884873037933,nonconstant_conjugate_multiplicity
125,50,75,746,3754,13930516,22131016264,21362202690256,nonconstant_conjugate_multiplicity
125,62,63,626,3874,14845876,18913751272,39122791997008,noninteger_multiplicity
125,62,70,601,3899,15040201,19793480147,30405706596853,nonconstant_conjugate_multiplicity
125,62,75,586,3914,15157396,20328329672,23338245600208,nonconstant_conjugate_multiplicity
126,30,48,1702,2834,7868260,8525408840,1111359739600,nonconstant_conjugate_multiplicity
126,30,50,1660,2876,8108080,9341478080,1985630920960,nonconstant_conjugate_multiplicity
126,30,56,1552,2984,8740960,11580784640,2839783014400,nonconstant_conjugate_multiplicity
126,30,60,1492,3044,9102640,12914596160,2046267692800,nonconstant_conjugate_multiplicity
126,30,63,1452,3084,9347760,13840251840,803340633600,nonconstant_conjugate_multiplicity
126,35,35,1747,2789,7615225,5425232525,1470214118125,nonconstant_conjugate_multiplicity
126,35,39,1627,2909,8298985,7647717365,8028645898525,nonconstant_conjugate_multiplicity
126,35,42,1552,2984,8740960,9163744640,11759075737600,nonconstant_conjugate_multiplicity
126,35,45,1487,3049,9133105,10559007145,14513993412325,nonconstant_conjugate_multiplicity
126,35,50,1396,3140,9696304,12642594560,17110720207360,nonconstant_conjugate_multiplicity
126,35,63,1227,3309,10786185,16929456165,14274567640125,nonconstant_conjugate_multiplicity
126,35,65,1207,3329,10918945,17473737905,12839516586325,nonconstant_conjugate_multiplicity
126,35,70,1162,3374,11220580,18727656920,8310348197200,nonconstant_conjugate_multiplicity
126,35,75,1123,3413,11485273,19847526749,2590131165901,nonconstant_conjugate_multiplicity
126,42,42,1252,3284,10621360,12536210240,30514497322240,nonconstant_conjugate_multiplicity
126,42,45,1202,3334,10952260,13830298840,32785560281200,nonconstant_conjugate_multiplicity
126,42,50,1132,3404,11423920,15726207680,34376233811200,nonconstant_conjugate_multiplicity
126,42,60,1027,3509,12149785,18758359565,31032494385625,nonconstant_conjugate_multiplicity
126,42,63,1002,3534,12325860,19514253240,28685624646960,nonconstant_conjugate_multiplicity
126,42,70,952,3584,12681760,21065891840,21327895859200,nonconstant_conjugate_multiplicity
126,42,75,922,3614,12897700,22022631800,14716202350000,nonconstant_conjugate_multiplicity
126,42,84,877,3659,13224985,23494384115,552579827305,nonconstant_conjugate_multiplicity
126,45,45,1107,3429,11594745,14760970605,38885710688325,nonconstant_conjugate_multiplicity
126,45,50,1044,3492,12030768,16554761856,39955961760768,nonconstant_conjugate_multiplicity
126,45,54,1002,3534,12325860,17796729240,39151111438800,nonconstant_conjugate_multiplicity
126,45,63,927,3609,12861585,20107850265,33113897948925,nonconstant_conjugate_multiplicity
126,45,70,882,3654,13188420,21552826680,25291796821200,nonconstant_conjugate_multiplicity
126,45,75,855,3681,13386465,22441087665,18413164409805,nonconstant_conjugate_multiplicity
126,45,81,827,3709,13593385,23379254965,9002735823925,nonconstant_conjugate_multiplicity
126,50,57,862,3674,13334980,19233316520,43572558295600,nonconstant_conjugate_multiplicity
126,50,60,841,3695,13489729,19915048655,41183199529465,nonconstant_conjugate_multiplicity
126,50,63,822,3714,13630500,20540277000,38291304150000,nonconstant_conjugate_multiplicity
126,50,70,784,3752,13914208,21814908416,29893823561728,nonconstant_conjugate_multiplicity
126,50,76,757,3779,14117545,22740302555,21188497818025,nonconstant_conjugate_multiplicity
126,50,84,727,3809,14345185,23787909665,7888226619625,nonconstant_conjugate_multiplicity
126,63,63,627,3909,15116985,19197040365,40821008083965,nonconstant_conjugate_multiplicity
126,63,70,602,3934,15313060,20091174040,32022834936400,nonconstant_conjugate_multiplicity
126,63,75,587,3949,15431305,20634729445,24876770541325,nonconstant_conjugate_multiplicity
126,63,90,552,3984,15708960,21923792640,323160192000,nonconstant_conjugate_multiplicity
126,70,70,532,4004,15868720,18132994880,28542453587200,nonconstant_conjugate_multiplicity
126,70,72,527,4009,15908785,18316259065,25905779642425,nonconstant_conjugate_multiplicity
126,70,75,520,4016,15964960,18573839360,21793637662720,nonconstant_conjugate_multiplicity
126,70,84,502,4034,16109860,19241615240,8502105374800,nonconstant_conjugate_multiplicity
126,75,85,463,4073,16426033,17416282409,4358869528261,nonconstant_conjugate_multiplicity
127,42,51,1144,3428,11586592,16208132480,34811600896000,nonconstant_conjugate_multiplicity
127,63,64,636,3936,15327504,19836873216,41703193958400,noninteger_multiplicity
128,32,48,1653,2955,8566137,9749115315,5729391815409,nonconstant_conjugate_multiplicity
128,32,64,1399,3209,10131793,15611300441,5389441226401,nonconstant_conjugate_multiplicity
128,64,64,637,3971,15602953,20129257115,43484123044177,nonconstant_conjugate_multiplicity
129,32,43,1810,2834,7864372,7243579304,442650159568,nonconstant_conjugate_multiplicity
129,43,43,1282,3362,11135860,13456996712,33535473043216,nonconstant_conjugate_multiplicity
129,43,48,1202,3442,11680180,15650760232,37019878735216,nonconstant_conjugate_multiplicity
129,43,64,1030,3614,12893812,20818909592,31981854253360,nonconstant_conjugate_multiplicity
129,43,86,898,3746,13865332,25218626408,605206072240,nonconstant_conjugate_multiplicity
129,48,54,990,3654,13184532,19080851832,46500523254000,nonconstant_conjugate_multiplicity
129,48,72,861,3783,14143905,23383786023,29540910312045,nonconstant_conjugate_multiplicity
129,48,81,818,3826,14471092,24901398568,15253861989520,nonconstant_conjugate_multiplicity
129,48,86,798,3846,14624532,25621698168,6174100992240,nonconstant_conjugate_multiplicity
129,64,65,646,3998,15816820,20789552024,44409177263248,noninteger_multiplicity
129,64,78,603,4041,16162497,22410032265,25504517333565,nonconstant_conjugate_multiplicity
129,64,86,583,4061,16324537,23178990005,11745561206365,nonconstant_conjugate_multiplicity
130,39,43,1471,3209,10129201,11581361225,22069721214877,nonconstant_conjugate_multiplicity
130,39,65,1163,3517,12200809,19978786261,23486301466117,nonconstant_conjugate_multiplicity
130,39,70,1120,3560,12505120,21306400640,18636343398400,nonconstant_conjugate_multiplicity
130,43,45,1275,3405,11425545,14425735365,35290991891925,nonconstant_conjugate_multiplicity
130,43,58,1106,3574,12604996,19357084216,36923947754320,nonconstant_conjugate_multiplicity
130,43,65,1043,3637,13059289,21350561149,31902342021253,nonconstant_conjugate_multiplicity
130,43,78,956,3724,13699696,24246159616,15197395586560,nonconstant_conjugate_multiplicity
130,65,65,647,4033,16096609,21091174417,46275462319141,nonconstant_conjugate_multiplicity
130,65,78,604,4076,16445296,22737297536,27184010411008,nonconstant_conjugate_multiplicity
130,65,86,584,4096,16608736,23518314496,13259713162240,nonconstant_conjugate_multiplicity
130,78,86,476,4204,17505136,18769951936,7185755028736,nonconstant_conjugate_multiplicity
131,65,66,656,4060,16313824,21772253440,47244751538176,noninteger_multiplicity
132,33,44,1836,2916,8331984,7958860416,1384524264960,nonconstant_conjugate_multiplicity
132,33,66,1443,3309,10778409,17126725509,6093177288489,nonconstant_conjugate_multiplicity
132,44,44,1312,3440,11662528,14421800960,36775389036544,nonconstant_conjugate_multiplicity
132,44,66,1050,3702,13533732,22447402776,34564639641552,nonconstant_conjugate_multiplicity
132,44,88,919,3833,14520817,27025229609,661496716945,nonconstant_conjugate_multiplicity
132,66,66,657,4095,16597953,22083258015,49199077099737,nonconstant_conjugate_multiplicity
133,33,50,1730,3058,9178996,10805809960,5852032938160,nonconstant_conjugate_multiplicity
133,33,56,1616,3172,9889216,13461460480,8242947051520,noninteger_multiplicity
133,33,70,1426,3362,11130676,18441578600,2848594846000,nonconstant_conjugate_multiplicity
133,38,38,1751,3037,9051001,7745154805,7664813337325,nonconstant_conjugate_multiplicity
133,38,42,1641,3147,9731241,10166399235,14978145825765,nonconstant_conjugate_multiplicity
133,38,55,1394,3394,11346868,16447772008,25172630644816,nonconstant_conjugate_multiplicity
133,38,57,1366,3422,11537716,17236545560,25172802705040,nonconstant_conjugate_multiplicity
133,38,66,1261,3527,12267361,20338886375,21109052084005,nonconstant_conjugate_multiplicity
133,38,70,1223,3565,12536857,21518771365,17471345003245,nonconstant_conjugate_multiplicity
133,38,77,1166,3622,12946516,23346615160,8892137428240,nonconstant_conjugate_multiplicity
133,42,77,1046,3742,13830196,24866233624,17586767556880,nonconstant_conjugate_multiplicity
133,44,57,1156,3632,13019056,19946537216,41424359261440,nonconstant_conjugate_multiplicity
133,57,76,750,4038,16133076,25770402936,36174451399344,nonconstant_conjugate_multiplicity
133,57,77,746,4042,16165396,25926568264,34461683523280,nonconstant_conjugate_multiplicity
133,57,88,708,4080,16474032,27429546240,13557303051264,nonconstant_conjugate_multiplicity
133,66,67,666,4122,16818516,22785443208,50213989417680,noninteger_multiplicity
133,76,77,536,4252,17907136,20858883328,28885112504320,noninteger_multiplicity
133,77,84,514,4274,18094708,21037328936,16711103779696,nonconstant_conjugate_multiplicity
134,38,42,1676,3148,9736240,10030333888,13919507411200,nonconstant_conjugate_multiplicity
134,38,48,1542,3282,10597860,13285129032,21442472177616,nonconstant_conjugate_multiplicity
134,38,56,1408,3416,11495392,16893513728,25053430743040,nonconstant_conjugate_multiplicity
134,38,67,1276,3548,12414640,20807799488,20527634982400,nonconstant_conjugate_multiplicity
134,67,67,667,4157,17106985,23105973653,52259081584717,nonconstant_conjugate_multiplicity
135,45,45,1342,3518,12201364,15431650712,40244576148496,nonconstant_conjugate_multiplicity
135,45,54,1208,3652,13162144,19528208128,45358717272064,nonconstant_conjugate_multiplicity
135,45,60,1141,3719,13656001,21723128999,43870607646181,nonconstant_conjugate_multiplicity
135,45,67,1078,3782,14128564,23878352888,38349106259920,nonconstant_conjugate_multiplicity
135,45,90,940,3920,15191440,28916115200,721617664000,nonconstant_conjugate_multiplicity
135,54,67,876,3984,15697296,25176648960,51530970002688,nonconstant_conjugate_multiplicity
135,54,81,806,4054,16259956,27900033400,29085083907664,nonconstant_conjugate_multiplicity
135,67,68,676,4184,17330896,23829587072,53321026544128,noninteger_multiplicity
135,67,72,661,4199,17456641,24443021447,47306861918293,nonconstant_conjugate_multiplicity
135,67,85,622,4238,17785684,26064530648,24147211490704,nonconstant_conjugate_multiplicity
135,67,90,610,4250,17887540,26571221000,14097686009200,nonconstant_conjugate_multiplicity
136,34,45,1901,2995,8793769,8521161355,1125236833045,nonconstant_conjugate_multiplicity
136,34,51,1757,3139,9677065,11703526075,7309398738445,nonconstant_conjugate_multiplicity
136,34,54,1697,3199,10057345,13143747295,9054159898585,nonconstant_conjugate_multiplicity
136,34,60,1595,3301,10720345,15751398205,10062560189185,nonconstant_conjugate_multiplicity
136,34,68,1487,3409,11445025,18737176465,6863671909105,nonconstant_conjugate_multiplicity
136,34,72,1442,3454,11753860,20051229880,3583810848400,nonconstant_conjugate_multiplicity
136,36,40,1922,2974,8668420,7047963640,381316925200,nonconstant_conjugate_multiplicity
136,36,50,1667,3229,10250185,12759797125,14284518015625,nonconstant_conjugate_multiplicity
136,36,51,1647,3249,10379745,13259770065,15049926788085,nonconstant_conjugate_multiplicity
136,36,60,1497,3399,11376945,17261430615,17431752503025,nonconstant_conjugate_multiplicity
136,36,68,1397,3499,12066745,20182879315,13685772950305,nonconstant_conjugate_multiplicity
136,36,75,1327,3569,12561505,22352450705,6764049714325,nonconstant_conjugate_multiplicity
136,40,48,1514,3382,11261668,14418372376,27186018140176,nonconstant_conjugate_multiplicity
136,40,51,1460,3436,11629840,15913627840,29581079603200,nonconstant_conjugate_multiplicity
136,40,54,1412,3484,11962000,17293182400,30932655558400,nonconstant_conjugate_multiplicity
136,40,68,1244,3652,13160848,22505260096,25937522181376,nonconstant_conjugate_multiplicity
136,40,72,1208,3688,13425088,23701625344,21758845161472,nonconstant_conjugate_multiplicity
136,40,81,1140,3756,13931280,26039897280,8969646067200,nonconstant_conjugate_multiplicity
136,45,51,1273,3623,12949873,18392786279,45028923374029,nonconstant_conjugate_multiplicity
136,45,52,1259,3637,13051513,18833524381,45409457569105,nonconstant_conjugate_multiplicity
136,45,56,1208,3688,13425088,20475362944,45817317827584,nonconstant_conjugate_multiplicity
136,45,68,1091,3805,14301769,24460705045,38257635489073,nonconstant_conjugate_multiplicity
136,45,78,1021,3875,14839369,26993904875,24457180623673,nonconstant_conjugate_multiplicity
136,45,84,987,3909,15104025,28265294925,13771773399825,nonconstant_conjugate_multiplicity
136,51,51,1097,3799,14256145,20260769815,58875316567885,nonconstant_conjugate_multiplicity
136,51,60,1007,3889,14948065,23431633345,56433840486625,nonconstant_conjugate_multiplicity
136,51,68,947,3949,15418345,25650275365,48587839316305,nonconstant_conjugate_multiplicity
136,51,72,922,3974,15616420,26599810040,43131659872720,nonconstant_conjugate_multiplicity
136,51,75,905,3991,15751825,27254000215,38478921180205,nonconstant_conjugate_multiplicity
136,51,85,857,4039,16137265,29138577895,20086250579125,nonconstant_conjugate_multiplicity
136,51,90,837,4059,16299225,29940259635,9511547474025,nonconstant_conjugate_multiplicity
136,54,68,887,4009,15895825,25849971865,52042152553105,nonconstant_conjugate_multiplicity
136,54,82,817,4079,16461985,28610697455,28867489038025,nonconstant_conjugate_multiplicity
136,54,85,805,4091,16560025,29095948835,22862995717045,nonconstant_conjugate_multiplicity
136,60,68,785,4111,16724065,25596997615,55877468932465,nonconstant_conjugate_multiplicity
136,60,72,766,4130,16880644,26361971720,49900260423952,nonconstant_conjugate_multiplicity
136,60,76,749,4147,17021353,27054003691,43212927212449,nonconstant_conjugate_multiplicity
136,68,68,677,4219,17623705,24159787075,55459652980705,nonconstant_conjugate_multiplicity
136,68,72,662,4234,17750500,24782533480,49397447284240,nonconstant_conjugate_multiplicity
136,68,85,623,4273,18082273,26428475089,25999417148461,nonconstant_conjugate_multiplicity
136,68,90,611,4285,18184969,26942747365,15832416772585,nonconstant_conjugate_multiplicity
136,72,80,596,4300,18313744,24581483200,33735433304320,nonconstant_conjugate_multiplicity
136,72,85,584,4312,18417088,25095702016,24443485493248,nonconstant_conjugate_multiplicity
136,72,96,562,4334,18607300,26048120120,2238912017680,nonconstant_conjugate_multiplicity
137,68,69,686,4246,17850964,24905150776,56570061567760,noninteger_multiplicity
138,46,46,1372,3596,12752368,16487573696,43953603388672,nonconstant_conjugate_multiplicity
138,46,69,1098,3870,14798052,25660654200,41304104598384,nonconstant_conjugate_multiplicity
138,46,92,961,4007,15877201,30893204663,785738480425,nonconstant_conjugate_multiplicity
138,69,69,687,4281,18148113,25245164025,58805031502197,nonconstant_conjugate_multiplicity
139,69,70,696,4308,18378720,26012600064,59965356146688,noninteger_multiplicity
140,35,60,1670,3370,11175460,16413315400,11337825442000,nonconstant_conjugate_multiplicity
140,35,70,1531,3509,12131641,20445542909,7705018688761,nonconstant_conjugate_multiplicity
140,70,70,697,4343,18680209,26362570247,62299520371561,nonconstant_conjugate_multiplicity
141,35,47,1978,3098,9414868,9493721864,749590523152,nonconstant_conjugate_multiplicity
141,35,53,1834,3242,10327828,12894821576,7459634237776,nonconstant_conjugate_multiplicity
141,42,45,1646,3430,11582164,13588576120,26699226518800,nonconstant_conjugate_multiplicity
141,42,47,1602,3474,11885940,14818208040,29947629387600,nonconstant_conjugate_multiplicity
141,42,55,1458,3618,12907188,19127309544,37338344575056,nonconstant_conjugate_multiplicity
141,42,66,1317,3759,13947345,23782685535,35505355780485,nonconstant_conjugate_multiplicity
141,47,47,1402,3674,13315540,17590597640,47913277930000,nonconstant_conjugate_multiplicity
141,47,56,1267,3809,14325745,22084829585,53968399122085,nonconstant_conjugate_multiplicity
141,47,60,1220,3856,14686000,23746481920,53464739722240,nonconstant_conjugate_multiplicity
141,47,70,1126,3950,15419764,27223731800,45622786023280,nonconstant_conjugate_multiplicity
141,47,84,1032,4044,16171200,30910394880,22946384609280,nonconstant_conjugate_multiplicity
141,47,94,982,4094,16578100,32958419480,854032397680,nonconstant_conjugate_multiplicity
141,60,63,894,4182,17306388,26848389816,73214655452496,nonconstant_conjugate_multiplicity
141,60,81,800,4276,18101440,30851511040,44642767052800,nonconstant_conjugate_multiplicity
141,70,71,706,4370,18914164,27152400680,63511234946896,noninteger_multiplicity
141,70,94,637,4439,19521985,30279240215,16786534412725,nonconstant_conjugate_multiplicity
141,84,95,518,4558,20592628,24392902744,7061729167696,nonconstant_conjugate_multiplicity
142,47,57,1279,3833,14507857,22688542745,54578305972405,nonconstant_conjugate_multiplicity
142,47,71,1139,3973,15600697,27859093165,45518214434845,nonconstant_conjugate_multiplicity
142,71,71,707,4405,19219993,27512471485,65947485819037,nonconstant_conjugate_multiplicity
142,71,94,638,4474,19832644,30684427912,18762288301648,nonconstant_conjugate_multiplicity
143,71,72,716,4432,19457296,28325018368,67212085642240,noninteger_multiplicity
143,71,78,694,4454,19652788,29336342264,56271514940848,nonconstant_conjugate_multiplicity
143,71,88,664,4484,19920928,30736277504,35099474034688,nonconstant_conjugate_multiplicity
143,71,99,638,4510,20154772,31969135000,8632382288464,nonconstant_conjugate_multiplicity
144,36,48,2004,3180,9925776,10347618240,1980825912576,nonconstant_conjugate_multiplicity
144,36,52,1905,3279,10565217,12766488111,7246723900689,nonconstant_conjugate_multiplicity
144,36,54,1861,3323,10855705,13903089731,9195606762793,nonconstant_conjugate_multiplicity
144,36,66,1653,3531,12281337,19807246899,12104522396505,nonconstant_conjugate_multiplicity
144,36,72,1575,3609,12838257,22254714441,8621433032769,nonconstant_conjugate_multiplicity
144,36,78,1509,3675,13319001,24428434275,2406209104521,nonconstant_conjugate_multiplicity
144,39,42,1993,3191,9995857,8832895415,3490239969625,nonconstant_conjugate_multiplicity
144,39,44,1933,3251,10382377,10255555835,8096123090545,nonconstant_conjugate_multiplicity
144,39,45,1905,3279,10565217,10943416575,10188636801525,nonconstant_conjugate_multiplicity
144,39,48,1828,3356,11076112,12914961920,15629329192960,nonconstant_conjugate_multiplicity
144,39,55,1681,3503,12084385,17012645279,23659440792253,nonconstant_conjugate_multiplicity
144,39,56,1663,3521,12210817,17545231025,24307763594065,nonconstant_conjugate_multiplicity
144,39,60,1597,3587,12679945,19556872811,25761271217521,nonconstant_conjugate_multiplicity
144,39,63,1553,3631,12997537,20949944095,25730879387485,nonconstant_conjugate_multiplicity
144,39,66,1513,3671,13289617,22252959575,24819153716665,nonconstant_conjugate_multiplicity
144,39,70,1465,3719,13644337,23863130855,22347867720265,nonconstant_conjugate_multiplicity
144,39,72,1443,3741,13808457,24618267765,20615542099425,nonconstant_conjugate_multiplicity
144,39,77,1393,3791,14185057,26374991615,14970776132725,nonconstant_conjugate_multiplicity
144,39,80,1366,3818,14390500,27347219144,10758936399568,nonconstant_conjugate_multiplicity
144,39,84,1333,3851,14643577,28558188035,4276639792945,nonconstant_conjugate_multiplicity
144,44,45,1653,3531,12281337,14572101555,31764303148725,noninteger_multiplicity
144,44,48,1588,3596,12744592,16506215360,37120272805120,nonconstant_conjugate_multiplicity
144,44,50,1549,3635,13026601,17710334315,39896462076985,nonconstant_conjugate_multiplicity
144,44,52,1513,3671,13289617,18851264135,42076990568305,nonconstant_conjugate_multiplicity
144,44,60,1393,3791,14185057,22862099375,45502204008625,nonconstant_conjugate_multiplicity
144,44,65,1333,3851,14643577,24989697395,43948531411525,nonconstant_conjugate_multiplicity
144,44,72,1263,3921,15187617,27577118385,37891080291105,nonconstant_conjugate_multiplicity
144,44,75,1237,3947,15392185,28567411091,34104982526221,nonconstant_conjugate_multiplicity
144,44,78,1213,3971,15582217,29495734235,29691909979945,nonconstant_conjugate_multiplicity
144,44,80,1198,3986,15701572,30082900040,26427542755600,nonconstant_conjugate_multiplicity
144,44,90,1133,4051,16223977,32689726795,6738444408025,nonconstant_conjugate_multiplicity
144,48,48,1432,3752,13890880,18741750272,52134645108736,nonconstant_conjugate_multiplicity
144,48,52,1366,3818,14390500,20978978408,56478876753040,nonconstant_conjugate_multiplicity
144,48,66,1198,3986,15701572,27128030408,55375070983120,nonconstant_conjugate_multiplicity
144,48,72,1146,4038,16118820,29166780888,48984141430800,nonconstant_conjugate_multiplicity
144,48,78,1102,4082,16476100,30943013192,39938523501136,nonconstant_conjugate_multiplicity
144,48,88,1042,4142,16969540,33441663032,20140919550736,nonconstant_conjugate_multiplicity
144,48,96,1003,4181,17294137,35113681133,926676311665,nonconstant_conjugate_multiplicity
144,52,66,1093,4091,16549657,28279450691,64865515891225,nonconstant_conjugate_multiplicity
144,52,69,1069,4115,16746601,29255777675,61603704455317,nonconstant_conjugate_multiplicity
144,52,72,1047,4137,16928145,30163235193,57645295519617,nonconstant_conjugate_multiplicity
144,52,88,955,4229,17697817,34088958269,27192686134033,nonconstant_conjugate_multiplicity
144,52,92,937,4247,17850385,34882008263,17635994963857,nonconstant_conjugate_multiplicity
144,66,72,795,4389,19076697,30042920061,70883014409649,nonconstant_conjugate_multiplicity
144,66,78,769,4415,19305601,31231502495,59871095120281,nonconstant_conjugate_multiplicity
144,72,72,717,4467,19767465,28695333483,69753357082737,nonconstant_conjugate_multiplicity
144,72,78,695,4489,19964497,29721134809,58727273226793,nonconstant_conjugate_multiplicity
144,72,88,665,4519,20234737,31140975799,37349624299393,nonconstant_conjugate_multiplicity
144,72,99,639,4545,20470401,32391237825,10588709438037,nonconstant_conjugate_multiplicity
144,78,88,607,4577,20762305,28865862017,34031270475841,nonconstant_conjugate_multiplicity
144,78,99,585,4599,20964177,29933019207,8627453905005,nonconstant_conjugate_multiplicity
144,88,91,523,4661,21538297,24374387213,17867476282645,nonconstant_conjugate_multiplicity
145,36,58,1816,3404,11399296,15933552128,10743708000256,nonconstant_conjugate_multiplicity
145,40,42,1973,3247,10355089,9384248863,6084389375125,nonconstant_conjugate_multiplicity
145,40,45,1886,3334,10927636,11544561784,13133519600656,nonconstant_conjugate_multiplicity
145,40,54,1683,3537,12322449,17180938593,26504436198429,nonconstant_conjugate_multiplicity
145,40,58,1613,3607,12822529,19324751383,29025894283477,nonconstant_conjugate_multiplicity
145,40,63,1538,3682,13369204,21739426408,29604634130512,nonconstant_conjugate_multiplicity
145,40,70,1451,3769,14017441,24696300889,26235834461341,nonconstant_conjugate_multiplicity
145,40,87,1298,3922,15194164,30313938088,2303668079440,nonconstant_conjugate_multiplicity
145,45,50,1538,3682,13369204,18303678568,43360283269936,nonconstant_conjugate_multiplicity
145,45,58,1410,3810,14328180,22593681000,49143270078000,nonconstant_conjugate_multiplicity
145,45,64,1335,3885,14905305,25280569125,48302588827125,nonconstant_conjugate_multiplicity
145,45,80,1190,4030,16052980,30849247000,30072406750000,nonconstant_conjugate_multiplicity
145,48,87,1066,4154,17067796,33688291976,23612789458768,nonconstant_conjugate_multiplicity
145,58,58,1046,4174,17234356,26756024536,82773445012720,nonconstant_conjugate_multiplicity
145,58,60,1028,4192,17384944,27502672384,81838147775488,nonconstant_conjugate_multiplicity
145,58,72,941,4279,18121921,31226982391,68568403140013,nonconstant_conjugate_multiplicity
145,58,87,866,4354,18769396,34593418216,38733836559568,nonconstant_conjugate_multiplicity
145,58,90,854,4366,18874036,35145618904,31506419928304,nonconstant_conjugate_multiplicity
145,60,60,987,4233,17730369,27653888457,84489161574501,nonconstant_conjugate_multiplicity
145,60,68,929,4291,18224761,30154234411,76459859965213,nonconstant_conjugate_multiplicity
145,60,85,842,4378,18978964,34067512072,45021966616336,nonconstant_conjugate_multiplicity
145,60,87,834,4386,19049076,34437275496,40382101103184,nonconstant_conjugate_multiplicity
145,60,102,784,4436,19490176,36786576896,1133021753344,nonconstant_conjugate_multiplicity
145,72,73,726,4494,20008116,29530918872,71072358914448,noninteger_multiplicity
145,80,87,602,4618,21138004,28668931912,37335962646352,nonconstant_conjugate_multiplicity
145,87,87,546,4674,21658356,25342745832,29730315884688,nonconstant_conjugate_multiplicity
145,87,96,531,4689,21798801,26082623457,11008230905493,nonconstant_conjugate_multiplicity
146,58,73,952,4304,18335200,32003855360,69200944414720,nonconstant_conjugate_multiplicity
146,58,88,877,4379,18986425,35413257635,38465522866345,nonconstant_conjugate_multiplicity
146,73,73,727,4529,20322625,29911621985,73721626408645,nonconstant_conjugate_multiplicity
147,42,49,1754,3538,12326932,15495944680,27299348687440,nonconstant_conjugate_multiplicity
147,42,73,1394,3898,15003892,27507484360,31457849865040,nonconstant_conjugate_multiplicity
147,49,49,1462,3830,14478388,19942059320,56628988424464,nonconstant_conjugate_multiplicity
147,49,73,1174,4118,16767412,30867819704,53885084411920,nonconstant_conjugate_multiplicity
147,49,84,1097,4195,17407513,34130222155,34868579255029,nonconstant_conjugate_multiplicity
147,49,98,1024,4268,18025312,37360911104,1003850782720,nonconstant_conjugate_multiplicity
147,73,74,736,4556,20566624,30770567936,75096568453120,noninteger_multiplicity
147,73,84,701,4591,20886769,32476738591,54495475684885,nonconstant_conjugate_multiplicity
147,73,98,664,4628,21227872,34317101312,19842803630080,nonconstant_conjugate_multiplicity
148,37,49,2069,3259,10429273,11016492211,1650165017941,nonconstant_conjugate_multiplicity
148,37,63,1773,3555,12446217,19187305515,14124857438349,nonconstant_conjugate_multiplicity
148,37,74,1619,3709,13564873,24167580661,9617252151241,nonconstant_conjugate_multiplicity
148,42,53,1703,3625,12948817,17934009625,32065693545949,nonconstant_conjugate_multiplicity
148,42,74,1409,3919,15166753,28080610831,30672119451001,nonconstant_conjugate_multiplicity
148,49,54,1407,3921,15182433,22927439745,62294735621097,nonconstant_conjugate_multiplicity
148,49,66,1259,4069,16364953,28604520685,62252870368393,nonconstant_conjugate_multiplicity
148,49,74,1187,4141,16956073,31558498885,53766217638217,nonconstant_conjugate_multiplicity
148,74,74,737,4591,20885473,31161802735,77856849050617,nonconstant_conjugate_multiplicity
148,74,84,702,4626,21208068,32891692680,57088591780752,nonconstant_conjugate_multiplicity
148,74,98,665,4663,21551761,34757409799,22080931010425,nonconstant_conjugate_multiplicity
149,37,56,1938,3426,11544372,15237052776,9377229170160,nonconstant_conjugate_multiplicity
149,37,64,1789,3575,12587521,19628984375,13303665043837,nonconstant_conjugate_multiplicity
149,74,75,746,4618,21132820,32044431304,79289290955728,noninteger_multiplicity
150,50,50,1492,3908,15078064,21192552512,61407829540096,nonconstant_conjugate_multiplicity
150,50,60,1343,4057,16264849,26815345993,69196113886921,nonconstant_conjugate_multiplicity
150,50,75,1194,4206,17496036,32978556216,57688439307696,nonconstant_conjugate_multiplicity
150,50,100,1045,4355,18771625,39702030875,1085740035625,nonconstant_conjugate_multiplicity
150,75,75,747,4653,21456009,32446341477,82163643270381,nonconstant_conjugate_multiplicity
151,75,76,756,4680,21706704,33352974720,83655166127616,noninteger_multiplicity
152,38,57,1965,3507,12102057,16362290763,11425228479045,nonconstant_conjugate_multiplicity
152,38,76,1663,3809,14311489,26187031169,10696935059089,nonconstant_conjugate_multiplicity
152,76,76,757,4715,22034233,33765703955,86646690337537,nonconstant_conjugate_multiplicity
153,38,51,2146,3362,11104756,12167279720,1176951004240,nonconstant_conjugate_multiplicity
153,38,60,1939,3569,12539473,18036930113,12628462236421,nonconstant_conjugate_multiplicity
153,38,68,1801,3707,13543561,22456505555,14702974552765,nonconstant_conjugate_multiplicity
153,38,69,1786,3722,13654996,22962134600,14477858346640,nonconstant_conjugate_multiplicity
153,51,51,1522,3986,15689908,22494257576,66482928281872,nonconstant_conjugate_multiplicity
153,51,57,1426,4082,16464436,26197639208,73419201098320,nonconstant_conjugate_multiplicity
153,51,68,1294,4214,17559508,31659428024,72447278702128,nonconstant_conjugate_multiplicity
153,51,72,1256,4252,17881216,33312821248,68596035911680,nonconstant_conjugate_multiplicity
153,51,76,1222,4286,18171508,34823389976,63221759549872,nonconstant_conjugate_multiplicity
153,51,102,1066,4442,19533076,42138961928,1172531959600,nonconstant_conjugate_multiplicity
153,57,64,1174,4334,18585268,31884041816,92354406185776,nonconstant_conjugate_multiplicity
153,57,68,1138,4370,18898612,33518197160,89152504578544,nonconstant_conjugate_multiplicity
153,57,72,1106,4402,19179316,34999298344,84317473160560,nonconstant_conjugate_multiplicity
153,57,96,970,4538,20395156,41598085256,30532943863024,nonconstant_conjugate_multiplicity
153,57,102,946,4562,20613556,42814424744,12331758815920,nonconstant_conjugate_multiplicity
153,68,85,838,4670,21610612,38364778520,70727366982160,nonconstant_conjugate_multiplicity
153,68,90,819,4689,21788433,39354669153,57771193162221,nonconstant_conjugate_multiplicity
153,68,95,802,4706,21948148,40248968552,43759733892688,nonconstant_conjugate_multiplicity
153,68,102,781,4727,22146241,41364960695,22635986368165,nonconstant_conjugate_multiplicity
153,72,81,800,4708,21966976,36644962816,80721801478144,nonconstant_conjugate_multiplicity
153,76,77,766,4742,22288276,34696663928,88198896682000,noninteger_multiplicity
153,76,99,698,4810,22937812,38318480200,32191011895504,nonconstant_conjugate_multiplicity
153,76,102,691,4817,23005201,38698857953,23298530105725,nonconstant_conjugate_multiplicity
154,42,44,2144,3400,11360416,10309888000,3325343137792,nonconstant_conjugate_multiplicity
154,42,48,2025,3519,12183777,13568141439,14634336698073,nonconstant_conjugate_multiplicity
154,42,51,1948,3596,12731632,15835115456,21410569039360,nonconstant_conjugate_multiplicity
154,42,56,1838,3706,13534852,19296237736,29570776882000,nonconstant_conjugate_multiplicity
154,42,66,1668,3876,14823792,25177317696,35336624129280,nonconstant_conjugate_multiplicity
154,42,68,1640,3904,15041632,26209644544,35001549979648,nonconstant_conjugate_multiplicity
154,42,77,1532,4012,15896560,30364677568,28322826883072,nonconstant_conjugate_multiplicity
154,42,84,1464,4080,16446816,33124377600,18088680333312,nonconstant_conjugate_multiplicity
154,42,88,1430,4114,16725412,34546558024,10567185344848,nonconstant_conjugate_multiplicity
154,51,66,1338,4206,17490852,31032557784,74736036882000,nonconstant_conjugate_multiplicity
154,51,77,1235,4309,18367897,35571695581,63087351134389,nonconstant_conjugate_multiplicity
154,63,77,971,4573,20712745,37592808373,88025248837045,nonconstant_conjugate_multiplicity
154,63,91,903,4641,21339297,41059637073,54663941417085,nonconstant_conjugate_multiplicity
154,66,66,988,4556,20557552,34035798464,108152359763200,nonconstant_conjugate_multiplicity
154,66,68,974,4570,20685316,34724267560,105776148611536,nonconstant_conjugate_multiplicity
154,66,77,920,4624,21181792,37430281216,90822301794304,noninteger_multiplicity
154,66,84,886,4658,21497380,39175512776,75256242389968,nonconstant_conjugate_multiplicity
154,66,88,869,4675,21656041,40060229275,65119798188841,nonconstant_conjugate_multiplicity
154,66,102,820,4724,22116592,42655754816,24077344155904,nonconstant_conjugate_multiplicity
154,77,77,767,4777,22620145,35120355913,91310734529557,nonconstant_conjugate_multiplicity
154,77,99,699,4845,23274441,38790353925,34806466927197,nonconstant_conjugate_multiplicity
154,77,102,692,4852,23342320,39175746688,25821287391232,nonconstant_conjugate_multiplicity
155,55,56,1365,4215,17565345,27769368375,88535668717125,noninteger_multiplicity
155,55,62,1290,4290,18203220,30999969000,90511249878000,nonconstant_conjugate_multiplicity
155,55,70,1210,4370,18896020,34605593000,85694862550000,nonconstant_conjugate_multiplicity
155,55,100,1024,4556,20556256,43642543616,18838587314176,nonconstant_conjugate_multiplicity
155,62,77,1006,4574,20720596,38176378712,89517304061008,nonconstant_conjugate_multiplicity
155,62,93,926,4654,21458836,42279858712,50604782647888,nonconstant_conjugate_multiplicity
155,62,105,882,4698,21870324,44612752968,13115095623504,nonconstant_conjugate_multiplicity
155,70,85,838,4742,22285684,39428800568,77657719022416,nonconstant_conjugate_multiplicity
155,77,78,776,4804,22877536,36075964672,92925248339968,noninteger_multiplicity
155,77,93,726,4854,23360436,38795439672,55288728359568,nonconstant_conjugate_multiplicity
156,39,52,2172,3444,11658960,13172060160,2751454448640,nonconstant_conjugate_multiplicity
156,39,60,1986,3630,12974724,18659666520,14179395986640,nonconstant_conjugate_multiplicity
156,39,62,1947,3669,13259385,19904563485,15732968147865,nonconstant_conjugate_multiplicity
156,39,65,1893,3723,13658553,21683619459,17143861541301,nonconstant_conjugate_multiplicity
156,39,78,1707,3909,15078105,28315955565,11865062576025,nonconstant_conjugate_multiplicity
156,52,52,1552,4064,16313920,23848202240,71866282639360,nonconstant_conjugate_multiplicity
156,52,60,1428,4188,17337168,28861216704,80408769382656,nonconstant_conjugate_multiplicity
156,52,62,1402,4214,17555620,29960950040,80937863866960,nonconstant_conjugate_multiplicity
156,52,65,1366,4250,17860324,31511897000,80684952670960,nonconstant_conjugate_multiplicity
156,52,78,1242,4374,18929700,37108753560,67504254653520,nonconstant_conjugate_multiplicity
156,52,93,1142,4474,19814500,41915742760,34222923863920,nonconstant_conjugate_multiplicity
156,52,104,1087,4529,20309665,44673625745,1264418108305,nonconstant_conjugate_multiplicity
156,60,62,1184,4432,19440448,32742055936,105952336936960,nonconstant_conjugate_multiplicity
156,60,78,1056,4560,20591424,38936125440,87052968787968,nonconstant_conjugate_multiplicity
156,60,93,976,4640,21327424,43034255360,50507667079168,nonconstant_conjugate_multiplicity
156,60,96,963,4653,21448233,43716949749,41667256374849,nonconstant_conjugate_multiplicity
156,60,104,932,4684,21737680,45363977920,16136658976000,nonconstant_conjugate_multiplicity
156,62,65,1111,4505,20092849,34410491945,108641607446605,nonconstant_conjugate_multiplicity
156,62,78,1017,4599,20948625,39064204935,90289033177545,nonconstant_conjugate_multiplicity
156,62,94,937,4679,21690865,43216671095,50278427788105,nonconstant_conjugate_multiplicity
156,65,78,963,4653,21448233,39043476549,94000911579225,nonconstant_conjugate_multiplicity
156,65,84,932,4684,21737680,40659368320,80490541504000,nonconstant_conjugate_multiplicity
156,65,91,901,4715,22029049,42302268035,62022870006301,nonconstant_conjugate_multiplicity
156,65,93,893,4723,22104553,42730648219,56286163376485,nonconstant_conjugate_multiplicity
156,78,78,777,4839,23213745,36510763095,96160583131785,nonconstant_conjugate_multiplicity
156,78,93,727,4889,23700145,39266027945,58217538030685,nonconstant_conjugate_multiplicity
156,93,105,573,5043,25229673,33020721819,10854549576981,nonconstant_conjugate_multiplicity
157,39,59,2042,3610,12828628,17846988040,11642271685264,nonconstant_conjugate_multiplicity
157,52,63,1414,4238,17757172,30700156760,81763648981840,nonconstant_conjugate_multiplicity
157,78,79,786,4866,23474484,37491342696,97839049830480,noninteger_multiplicity
158,79,79,787,4901,23815033,37937391245,101201106437437,nonconstant_conjugate_multiplicity
159,53,53,1582,4142,16950100,25255414232,77570128765456,nonconstant_conjugate_multiplicity
159,53,79,1270,4454,19632052,39103215992,73722136816720,nonconstant_conjugate_multiplicity
159,53,106,1108,4616,21101392,47307943808,1361593699840,nonconstant_conjugate_multiplicity
159,79,80,796,4928,24079120,38943263744,102945192890368,noninteger_multiplicity
159,79,96,743,4981,24604297,41978000125,59405065661965,nonconstant_conjugate_multiplicity
159,79,106,718,5006,24853972,43438563800,27187089515440,nonconstant_conjugate_multiplicity
160,40,53,2237,3523,12204169,13956748507,2337425006485,nonconstant_conjugate_multiplicity
160,40,60,2069,3691,13416121,19095613651,14037610854241,nonconstant_conjugate_multiplicity
160,40,72,1857,3903,15026049,26475957567,18958213841697,nonconstant_conjugate_multiplicity
160,40,80,1751,4009,15864721,30557243449,13126337326561,nonconstant_conjugate_multiplicity
160,48,53,1811,3949,15387241,21704371381,50940894444685,nonconstant_conjugate_multiplicity
160,48,56,1751,4009,15864721,23948358841,56715051069121,nonconstant_conjugate_multiplicity
160,48,70,1539,4221,17609481,32579404389,64151339118489,nonconstant_conjugate_multiplicity
160,48,80,1433,4327,18515569,37318198519,53946507007393,nonconstant_conjugate_multiplicity
160,53,60,1497,4263,17965809,30030349671,86647359524193,nonconstant_conjugate_multiplicity
160,53,80,1283,4477,19836169,39911456629,73570888214113,nonconstant_conjugate_multiplicity
160,53,96,1176,4584,20805696,45309649536,35116788335616,nonconstant_conjugate_multiplicity
160,60,80,1115,4645,21368665,41827412125,93200957520625,nonconstant_conjugate_multiplicity
160,60,100,1009,4751,22364641,47513805551,38522162802961,nonconstant_conjugate_multiplicity
160,60,106,985,4775,22593265,48845504375,17815706631625,nonconstant_conjugate_multiplicity
160,80,80,797,4963,24424009,39400706107,106437237747601,nonconstant_conjugate_multiplicity
160,80,96,744,5016,24952896,42474364416,62549186826240,nonconstant_conjugate_multiplicity
160,80,106,719,5041,25204321,43953492241,30017639167705,nonconstant_conjugate_multiplicity
160,96,106,586,5174,26562916,35083714328,16183021088080,nonconstant_conjugate_multiplicity
161,40,77,1818,3978,15615828,29124640584,15372233728272,nonconstant_conjugate_multiplicity
161,46,46,2122,3674,13289620,13781394440,16576307773360,nonconstant_conjugate_multiplicity
161,46,50,2010,3786,14125140,17364791880,29872267130160,nonconstant_conjugate_multiplicity
161,46,56,1872,3924,15189120,22172797440,44047190568960,nonconstant_conjugate_multiplicity
161,46,70,1642,4154,17047060,31190309000,53895428302000,nonconstant_conjugate_multiplicity
161,46,80,1527,4269,18015705,36188932005,45212622599925,nonconstant_conjugate_multiplicity
161,46,92,1422,4374,18923220,41048502840,22041495267120,nonconstant_conjugate_multiplicity
161,46,100,1366,4430,19416244,43758140120,561735859120,nonconstant_conjugate_multiplicity
161,56,60,1427,4369,18879505,31751030305,100019615167525,nonconstant_conjugate_multiplicity
161,56,69,1322,4474,19808020,36668277640,99511409754640,nonconstant_conjugate_multiplicity
161,56,70,1312,4484,19897600,37151912960,98762266009600,nonconstant_conjugate_multiplicity
161,56,75,1266,4530,20312244,39411380520,93244425581520,nonconstant_conjugate_multiplicity
161,56,84,1197,4599,20942145,42908601015,76895502387165,nonconstant_conjugate_multiplicity
161,56,92,1147,4649,21404545,45524797865,56757178679845,nonconstant_conjugate_multiplicity
161,56,100,1105,4691,21796825,47776263515,32423932227805,nonconstant_conjugate_multiplicity
161,56,105,1082,4714,22013140,49030219720,15440829139600,nonconstant_conjugate_multiplicity
161,70,91,898,4898,23781748,45387552104,81454956383824,nonconstant_conjugate_multiplicity
161,70,92,894,4902,23820948,45616776696,78465558930480,nonconstant_conjugate_multiplicity
161,70,104,852,4944,24234480,48052120320,38928399897600,nonconstant_conjugate_multiplicity
161,70,112,829,4967,24462433,49407906311,9444449571085,nonconstant_conjugate_multiplicity
161,80,81,806,4990,24691444,40432193560,108248632264336,noninteger_multiplicity
161,92,92,652,5144,26252080,36907994240,65558107886080,nonconstant_conjugate_multiplicity
161,92,105,626,5170,26520244,38480951080,27511753018000,nonconstant_conjugate_multiplicity
162,42,54,2164,3668,13244272,16435280960,12958527136000,nonconstant_conjugate_multiplicity
162,42,60,2026,3806,14275684,20979174392,23673003562576,nonconstant_conjugate_multiplicity
162,42,69,1864,3968,15535072,26869391360,29871473766400,nonconstant_conjugate_multiplicity
162,42,72,1819,4013,15894217,28615358645,29572655047705,nonconstant_conjugate_multiplicity
162,42,81,1704,4128,16830432,33300080640,22550796472320,nonconstant_conjugate_multiplicity
162,42,90,1612,4220,17598448,37283261120,7651617783040,nonconstant_conjugate_multiplicity
162,42,92,1594,4238,17750692,38087499320,3421259379280,nonconstant_conjugate_multiplicity
162,46,54,1948,3884,14875504,20497141952,38542303706368,nonconstant_conjugate_multiplicity
162,46,58,1864,3968,15535072,23557603328,46218362982400,nonconstant_conjugate_multiplicity
162,46,63,1774,4058,16257412,27023179688,51993995284720,nonconstant_conjugate_multiplicity
162,46,81,1542,4290,18194148,36876719880,44179573323312,nonconstant_conjugate_multiplicity
162,46,84,1513,4319,18443809,38204288927,39369415717513,nonconstant_conjugate_multiplicity
162,46,87,1486,4346,18677764,39459889448,33743572453360,nonconstant_conjugate_multiplicity
162,54,54,1612,4220,17598448,26716921280,83606940976384,nonconstant_conjugate_multiplicity
162,54,63,1474,4358,18782212,32749446104,93819867135280,nonconstant_conjugate_multiplicity
162,54,69,1402,4430,19414948,36093531320,93229957132144,nonconstant_conjugate_multiplicity
162,54,81,1290,4542,20419812,41570146296,78522411148272,nonconstant_conjugate_multiplicity
162,54,84,1267,4565,20629273,42736840685,72553927376329,nonconstant_conjugate_multiplicity
162,54,92,1213,4619,21125209,45533108915,53030365239481,nonconstant_conjugate_multiplicity
162,54,108,1129,4703,21908257,50043837599,1464257616745,nonconstant_conjugate_multiplicity
162,63,66,1198,4634,21264004,37621944584,124296584916304,nonconstant_conjugate_multiplicity
162,63,69,1171,4661,21514969,39010896701,121966767480565,nonconstant_conjugate_multiplicity
162,63,81,1083,4749,22343049,43679977029,102604116656709,nonconstant_conjugate_multiplicity
162,63,99,991,4841,23225329,48797284841,51889539345085,nonconstant_conjugate_multiplicity
162,69,81,975,4857,23380497,43631562681,110889768783717,nonconstant_conjugate_multiplicity
162,69,93,919,4913,23927617,46822624289,78139804440565,nonconstant_conjugate_multiplicity
162,81,81,807,5025,25040673,40901173425,111873973371237,nonconstant_conjugate_multiplicity
163,81,82,816,5052,25311456,41958597888,113754385704960,noninteger_multiplicity
164,41,82,1795,4109,16671337,32913784421,14485583740009,nonconstant_conjugate_multiplicity
164,82,82,817,5087,25665025,42439258943,117516372625177,nonconstant_conjugate_multiplicity
165,41,55,2314,3626,12934036,15300748232,1751153414032,nonconstant_conjugate_multiplicity
165,41,60,2190,3750,13848660,19253835000,11449274151600,nonconstant_conjugate_multiplicity
165,41,62,2146,3794,14180596,20739111848,14294350109488,nonconstant_conjugate_multiplicity
165,41,66,2066,3874,14794036,23552881768,18273924341680,nonconstant_conjugate_multiplicity
165,41,80,1849,4091,16522441,31943088467,16007236950397,nonconstant_conjugate_multiplicity
165,41,88,1756,4184,17292016,35889147008,5102046332416,nonconstant_conjugate_multiplicity
165,44,55,2134,3806,14271796,18724987160,22325722400080,nonconstant_conjugate_multiplicity
165,55,55,1642,4298,18258964,28233751112,89989431751696,nonconstant_conjugate_multiplicity
165,55,60,1560,4380,18970560,31889203200,97949316096000,nonconstant_conjugate_multiplicity
165,55,66,1478,4462,19695604,35721362008,101384501264368,nonconstant_conjugate_multiplicity
165,55,82,1318,4622,21149044,43720071128,85479108847600,nonconstant_conjugate_multiplicity
165,55,88,1273,4667,21567049,46096561043,72347649120157,nonconstant_conjugate_multiplicity
165,55,110,1150,4790,22730260,52883228600,1572612406000,nonconstant_conjugate_multiplicity
165,60,77,1232,4708,21951424,43307875072,111082291167232,nonconstant_conjugate_multiplicity
165,60,105,1068,4872,23522544,52470972288,32876359439616,nonconstant_conjugate_multiplicity
165,66,66,1191,4749,22339161,39470159493,138945990811005,nonconstant_conjugate_multiplicity
165,66,82,1071,4869,23493321,46087115373,114934926763773,nonconstant_conjugate_multiplicity
165,66,90,1027,4913,23923729,48618188225,93874355651485,nonconstant_conjugate_multiplicity
165,66,99,986,4954,24328276,51028042888,65015457102544,nonconstant_conjugate_multiplicity
165,66,110,945,4995,24736185,53487863595,23965185748725,nonconstant_conjugate_multiplicity
165,82,83,826,5114,25939156,43522942472,119467533972688,noninteger_multiplicity
165,82,110,745,5195,26774185,48550272515,31543196766325,nonconstant_conjugate_multiplicity
166,55,74,1412,4564,20614960,40408560640,98804482854400,nonconstant_conjugate_multiplicity
166,55,83,1331,4645,21360889,44590555405,85309669423693,nonconstant_conjugate_multiplicity
166,66,83,1082,4894,23736100,47093298040,115864894671280,nonconstant_conjugate_multiplicity
166,66,100,997,4979,24575305,52089625835,64623245216425,nonconstant_conjugate_multiplicity
166,83,83,827,5149,26297065,44015428405,123369557834125,nonconstant_conjugate_multiplicity
166,83,110,746,5230,27137764,49104700120,34705607294800,nonconstant_conjugate_multiplicity
167,83,84,836,5176,26574544,45125693056,125393220835840,noninteger_multiplicity
168,42,56,2340,3708,13531536,16468681536,3727435739904,nonconstant_conjugate_multiplicity
168,42,63,2173,3875,14797897,22117542875,17074235231869,nonconstant_conjugate_multiplicity
168,42,72,2006,4042,16120036,28414823464,23526053629840,nonconstant_conjugate_multiplicity
168,42,84,1839,4209,17497953,35388468081,15947748050481,nonconstant_conjugate_multiplicity
168,56,56,1672,4376,18931648,29806931456,96730551734272,nonconstant_conjugate_multiplicity
168,56,84,1338,4710,21966372,46375507800,90837299727504,nonconstant_conjugate_multiplicity
168,56,112,1171,4877,23567401,55828038293,1686864279025,nonconstant_conjugate_multiplicity
168,84,84,837,5211,26936793,45630147555,129438714330657,nonconstant_conjugate_multiplicity
169,52,54,1899,4185,17295201,24998448825,66496766894397,nonconstant_conjugate_multiplicity
169,52,63,1730,4354,18738292,32291162344,84815340720208,nonconstant_conjugate_multiplicity
169,52,78,1535,4549,20474377,41634818029,83635933882333,nonconstant_conjugate_multiplicity
169,52,91,1418,4666,21552532,47736334216,59388490498000,nonconstant_conjugate_multiplicity
169,78,91,898,5186,26675572,50266798568,115545854147920,nonconstant_conjugate_multiplicity
169,78,98,872,5212,26945920,51927864832,91942039945216,nonconstant_conjugate_multiplicity
169,84,85,846,5238,27217620,46767315384,131536653070608,noninteger_multiplicity
169,91,104,716,5368,28596400,47147959936,62778175333888,nonconstant_conjugate_multiplicity
169,91,117,690,5394,28876212,48885627816,13675465028304,nonconstant_conjugate_multiplicity
169,104,105,612,5472,29723760,38742022656,38345366221056,noninteger_multiplicity
170,65,65,1327,4793,22752529,40817039417,148673809411141,nonconstant_conjugate_multiplicity
170,65,70,1276,4844,23244016,43632116864,147016395990016,nonconstant_conjugate_multiplicity
170,65,78,1208,4912,23907424,47503283968,136907871235072,nonconstant_conjugate_multiplicity
170,65,85,1159,4961,24391201,50377174001,121947168935221,nonconstant_conjugate_multiplicity
170,65,91,1123,4997,24749689,52534105613,105437593311613,nonconstant_conjugate_multiplicity
170,65,102,1068,5052,25302384,55904542848,68082933058560,nonconstant_conjugate_multiplicity
170,65,105,1055,5065,25433905,56714552425,56561452505125,nonconstant_conjugate_multiplicity
170,85,85,847,5273,27584209,47283882137,135729090455221,nonconstant_conjugate_multiplicity
171,45,51,2414,3742,13780948,14468622616,1876977615184,nonconstant_conjugate_multiplicity
171,45,57,2246,3910,15066484,20144648440,21202308036112,nonconstant_conjugate_multiplicity
171,45,63,2110,4046,16148500,25223168600,33990535944400,nonconstant_conjugate_multiplicity
171,45,68,2015,4141,16926265,29036132965,39953194520365,nonconstant_conjugate_multiplicity
171,45,76,1889,4267,17985673,34440121891,41530094152309,nonconstant_conjugate_multiplicity
171,45,84,1787,4369,18866545,39111921505,34588691294125,nonconstant_conjugate_multiplicity
171,51,57,1942,4214,17536180,26547610040,65371097637520,nonconstant_conjugate_multiplicity
171,51,60,1882,4274,18045460,29102264360,72289929905200,nonconstant_conjugate_multiplicity
171,51,72,1692,4464,19705680,37807223040,82863217105920,nonconstant_conjugate_multiplicity
171,51,75,1654,4502,20046388,39662926136,81816496558288,nonconstant_conjugate_multiplicity
171,51,76,1642,4514,20154580,40257025640,81181780026160,nonconstant_conjugate_multiplicity
171,51,80,1597,4559,20562865,42519718655,77307054477925,nonconstant_conjugate_multiplicity
171,51,90,1502,4654,21438100,47479084120,59351868708400,nonconstant_conjugate_multiplicity
171,51,95,1462,4694,21812020,49642335800,46583046706000,nonconstant_conjugate_multiplicity
171,51,100,1426,4730,22151284,51627779720,31663234271920,nonconstant_conjugate_multiplicity
171,57,57,1702,4454,19616500,31437490040,103843489730320,nonconstant_conjugate_multiplicity
171,57,60,1651,4505,20073409,33855836345,109864920411085,nonconstant_conjugate_multiplicity
171,57,68,1537,4619,21113545,39516953795,116938501962325,nonconstant_conjugate_multiplicity
171,57,76,1447,4709,21953065,44240230925,113127880901965,nonconstant_conjugate_multiplicity
171,57,85,1366,4790,22722484,48686728760,98589135533200,nonconstant_conjugate_multiplicity
171,57,90,1328,4828,23087968,50837526784,86686020438016,nonconstant_conjugate_multiplicity
171,57,95,1294,4862,23417428,52797372056,72474907050448,nonconstant_conjugate_multiplicity
171,57,102,1252,4904,23827600,55264941440,49218124049920,nonconstant_conjugate_multiplicity
171,57,114,1192,4964,24419680,58880188160,1807223111680,nonconstant_conjugate_multiplicity
171,85,86,856,5300,27868384,48448275200,137903100461056,noninteger_multiplicity
171,85,114,772,5384,28765840,54048037760,36402905996800,nonconstant_conjugate_multiplicity
171,95,102,706,5450,29480884,46600137800,73543079957872,nonconstant_conjugate_multiplicity
171,95,114,682,5474,29743060,48240500840,29086751417200,nonconstant_conjugate_multiplicity
171,102,115,628,5528,30337168,43475110784,15996080962816,nonconstant_conjugate_multiplicity
172,43,57,2405,3787,14118457,17378425603,3217113194965,nonconstant_conjugate_multiplicity
172,43,76,2018,4174,17199364,32014062424,25732452500944,nonconstant_conjugate_multiplicity
172,43,86,1883,4309,18344569,37984184029,17517898296889,nonconstant_conjugate_multiplicity
172,57,60,1678,4514,20153284,33950570408,109922847865168,nonconstant_conjugate_multiplicity
172,57,69,1549,4643,21334537,40405359275,118025897086405,nonconstant_conjugate_multiplicity
172,57,86,1379,4813,22942057,49621765285,98400102564985,nonconstant_conjugate_multiplicity
172,57,92,1334,4858,23377252,52199890120,83381351045200,nonconstant_conjugate_multiplicity
172,76,86,992,5200,26817088,51866214400,143345280090112,nonconstant_conjugate_multiplicity
172,76,96,947,5245,27287113,54780337765,111286344405697,nonconstant_conjugate_multiplicity
172,76,108,904,5288,27740032,57624478208,64744225853440,nonconstant_conjugate_multiplicity
172,86,86,857,5335,28239313,48977097895,142245997556137,nonconstant_conjugate_multiplicity
172,86,114,773,5419,29142649,54643423987,39922151958793,nonconstant_conjugate_multiplicity
173,43,65,2250,3978,15600276,23927908680,17375187145680,nonconstant_conjugate_multiplicity
173,86,87,866,5362,28526836,50169038248,144497895799120,noninteger_multiplicity
174,58,58,1732,4532,20313520,33126454592,111341672709376,nonconstant_conjugate_multiplicity
174,58,87,1386,4878,23569380,51537611448,104546878582320,nonconstant_conjugate_multiplicity
174,58,116,1213,5051,25287097,62041599683,1933902444265,nonconstant_conjugate_multiplicity
174,87,87,867,5397,28902105,50710260573,148994809989597,nonconstant_conjugate_multiplicity
175,50,75,1800,4500,20023200,39366000000,75582720000000,nonconstant_conjugate_multiplicity
175,50,87,1660,4640,21302800,46528064000,63049460512000,nonconstant_conjugate_multiplicity
175,50,105,1510,4790,22717300,54807659000,14222714290000,nonconstant_conjugate_multiplicity
175,58,63,1676,4624,21154576,37340390656,121132649432320,nonconstant_conjugate_multiplicity
175,58,65,1646,4654,21432916,38878045336,123650947795024,nonconstant_conjugate_multiplicity
175,58,75,1520,4780,22621600,45612519040,124971025715200,nonconstant_conjugate_multiplicity
175,58,91,1376,4924,24018976,53867299456,96711167512576,nonconstant_conjugate_multiplicity
175,58,105,1286,5014,24913396,59336498296,50386031623504,nonconstant_conjugate_multiplicity
175,70,75,1220,5080,25579600,49755145600,170809266208000,nonconstant_conjugate_multiplicity
175,70,87,1136,5164,26440096,55021469824,145415647633408,nonconstant_conjugate_multiplicity
175,70,105,1046,5254,27377716,60906658744,82304607781456,nonconstant_conjugate_multiplicity
175,75,100,988,5312,27990544,58844976128,108708498497536,nonconstant_conjugate_multiplicity
175,75,116,932,5368,28588624,62675823232,39777329887744,nonconstant_conjugate_multiplicity
175,87,88,876,5424,29192976,51930070272,151326434884608,noninteger_multiplicity
175,87,100,834,5466,29650356,54832222728,109603550688048,nonconstant_conjugate_multiplicity
175,87,110,806,5494,29957236,56799103672,69142264520368,nonconstant_conjugate_multiplicity
175,87,112,801,5499,30012201,57153048147,60550596997173,nonconstant_conjugate_multiplicity
175,105,116,641,5659,31797481,45948595699,22996493072197,nonconstant_conjugate_multiplicity
176,44,60,2417,3919,15130465,20187807535,8116367487025,nonconstant_conjugate_multiplicity
176,44,66,2277,4059,16247385,25442562915,20578717331865,nonconstant_conjugate_multiplicity
176,44,70,2197,4139,16903225,28658539475,25561886019625,nonconstant_conjugate_multiplicity
176,44,75,2109,4227,17639433,32379804891,28281424694733,nonconstant_conjugate_multiplicity
176,44,77,2077,4259,17910985,33781472315,28339219924405,nonconstant_conjugate_multiplicity
176,44,80,2032,4304,18296320,35796884480,27384779161600,nonconstant_conjugate_multiplicity
176,44,84,1977,4359,18772785,38331237015,24273097598385,nonconstant_conjugate_multiplicity
176,44,88,1927,4409,19211185,40703821865,19201224322945,nonconstant_conjugate_multiplicity
176,50,56,2179,4157,17052553,23747082821,45365654171089,nonconstant_conjugate_multiplicity
176,50,63,2025,4311,18356625,30248670375,64607112604125,nonconstant_conjugate_multiplicity
176,50,66,1969,4367,18842593,32763823631,69747634984489,nonconstant_conjugate_multiplicity
176,50,72,1871,4465,19708129,37363695985,75003958751617,nonconstant_conjugate_multiplicity
176,50,77,1801,4535,20338129,40806515015,74764561391317,nonconstant_conjugate_multiplicity
176,50,84,1717,4619,21107065,45114073235,68276974782625,nonconstant_conjugate_multiplicity
176,50,88,1675,4661,21496825,47340961325,61721979115825,nonconstant_conjugate_multiplicity
176,50,98,1585,4751,22343905,52279552655,37611448052905,nonconstant_conjugate_multiplicity
176,50,99,1577,4759,22419985,52729648615,34658690534125,nonconstant_conjugate_multiplicity
176,55,55,1969,4367,18842593,27811645631,80085881325373,nonconstant_conjugate_multiplicity
176,55,56,1947,4389,19035225,28797216525,83633399474625,noninteger_multiplicity
176,55,70,1705,4631,21218065,40493765015,109137587408905,nonconstant_conjugate_multiplicity
176,55,77,1617,4719,22040865,45146035935,107804873639925,nonconstant_conjugate_multiplicity
176,55,80,1584,4752,22353408,46946946816,104910777151488,nonconstant_conjugate_multiplicity
176,55,88,1507,4829,23091145,51270193205,91354367560225,nonconstant_conjugate_multiplicity
176,55,110,1353,4983,24602193,60434785719,20357663382441,nonconstant_conjugate_multiplicity
176,55,112,1342,4994,24711940,61116272360,12001066382800,nonconstant_conjugate_multiplicity
176,56,60,1827,4509,20102985,33376452165,102289513421025,nonconstant_conjugate_multiplicity
176,56,66,1727,4609,21014785,38319156865,112654377204985,nonconstant_conjugate_multiplicity
176,56,75,1607,4729,22135345,44615963305,115025868966325,nonconstant_conjugate_multiplicity
176,56,80,1552,4784,22658560,47637923840,110627752345600,nonconstant_conjugate_multiplicity
176,56,88,1477,4859,23381785,51898906115,96595021503505,nonconstant_conjugate_multiplicity
176,56,100,1387,4949,24264505,57228776045,62441562145825,nonconstant_conjugate_multiplicity
176,56,110,1327,5009,24861985,60915375665,24541099494025,nonconstant_conjugate_multiplicity
176,70,80,1200,5136,26150400,52769318400,165998995660800,nonconstant_conjugate_multiplicity
176,70,88,1147,5189,26697625,56153412125,146524127112625,nonconstant_conjugate_multiplicity
176,70,106,1057,5279,27639745,62100809855,81838229492425,nonconstant_conjugate_multiplicity
176,70,110,1041,5295,27808929,63184859055,64460316477465,nonconstant_conjugate_multiplicity
176,77,80,1072,5264,27481600,52734752000,177767100928000,nonconstant_conjugate_multiplicity
176,77,88,1027,5309,27957385,55711504565,156606523593985,nonconstant_conjugate_multiplicity
176,77,90,1017,5319,28063665,56381745735,150391147685625,nonconstant_conjugate_multiplicity
176,77,99,977,5359,28490785,59094684415,118606192793005,nonconstant_conjugate_multiplicity
176,77,100,973,5363,28533673,59368801499,114729485281201,nonconstant_conjugate_multiplicity
176,77,110,937,5399,28921105,61859069495,72777985172425,nonconstant_conjugate_multiplicity
176,77,120,907,5429,29245945,63966351005,25944875958625,nonconstant_conjugate_multiplicity
176,80,80,1024,5312,27989248,52297957376,179963667939328,nonconstant_conjugate_multiplicity
176,80,84,1002,5334,28223460,53763839640,169880357581200,nonconstant_conjugate_multiplicity
176,80,88,982,5354,28437220,55109899880,158298592387600,nonconstant_conjugate_multiplicity
176,80,96,947,5389,28813225,57496453525,131294858844625,nonconstant_conjugate_multiplicity
176,80,105,914,5422,29169988,59782906936,95880642699568,nonconstant_conjugate_multiplicity
176,80,110,898,5438,29343748,60904229624,74314157653456,nonconstant_conjugate_multiplicity
176,80,112,892,5444,29409040,61326877760,65357675372800,nonconstant_conjugate_multiplicity
176,80,120,870,5466,29649060,62886657960,27859880981520,nonconstant_conjugate_multiplicity
176,88,88,877,5459,29572585,52483835915,155980965119665,nonconstant_conjugate_multiplicity
176,88,100,835,5501,30032905,55419852005,113974046021185,nonconstant_conjugate_multiplicity
176,88,110,807,5529,30341745,57409514505,73176525448425,nonconstant_conjugate_multiplicity
176,88,112,802,5534,30397060,57767544440,64508936646160,nonconstant_conjugate_multiplicity
176,100,112,694,5642,31604068,50349591656,51435935745040,nonconstant_conjugate_multiplicity
176,110,110,625,5711,32387425,42486556175,38856793459225,nonconstant_conjugate_multiplicity
176,110,112,622,5714,32421700,42704721800,31805535898000,nonconstant_conjugate_multiplicity
176,110,120,611,5725,32547529,43507303525,2711783721745,nonconstant_conjugate_multiplicity
177,44,59,2482,3890,14902708,18930622760,2501159640784,nonconstant_conjugate_multiplicity
177,44,76,2125,4247,17807617,33005106071,26900038301437,nonconstant_conjugate_multiplicity
177,44,84,2007,4365,18823833,38357913285,23305963657509,nonconstant_conjugate_multiplicity
177,48,59,2246,4126,16794484,24120084376,36323214794320,nonconstant_conjugate_multiplicity
177,59,59,1762,4610,21022708,34874852840,119238765804304,nonconstant_conjugate_multiplicity
177,59,66,1650,4722,22067892,40657496616,131715348705072,nonconstant_conjugate_multiplicity
177,59,88,1414,4958,24352372,54015962264,113152244019760,nonconstant_conjugate_multiplicity
177,59,96,1355,5017,24940897,57611379961,90871573574677,nonconstant_conjugate_multiplicity
177,59,118,1234,5138,26169652,65314194344,2067119481520,nonconstant_conjugate_multiplicity
177,66,74,1358,5014,24910804,49420330552,165860045177968,nonconstant_conjugate_multiplicity
177,66,111,1122,5250,27333108,64463553000,55143549304272,nonconstant_conjugate_multiplicity
177,66,118,1094,5278,27627892,66363228568,22236930137200,nonconstant_conjugate_multiplicity
177,88,89,886,5486,29866804,53731837016,158394176525200,noninteger_multiplicity
177,88,118,799,5573,30828937,59945913197,41803610576605,nonconstant_conjugate_multiplicity
178,59,89,1427,4981,24579673,55017859645,112942162695397,nonconstant_conjugate_multiplicity
178,59,102,1336,5072,25494496,60662986496,72606557148160,nonconstant_conjugate_multiplicity
178,89,89,887,5521,30250753,54298289665,163209963318277,nonconstant_conjugate_multiplicity
178,89,118,800,5608,31218976,60583717504,45705572577280,nonconstant_conjugate_multiplicity
179,89,90,896,5548,30548320,55574804224,165706642536448,noninteger_multiplicity
180,45,60,2508,3972,15543504,20273977728,4942335730176,nonconstant_conjugate_multiplicity
180,45,90,1971,4509,20097801,43550271189,21003037777161,nonconstant_conjugate_multiplicity
180,60,60,1792,4688,21744064,36683712512,127548672311296,nonconstant_conjugate_multiplicity
180,60,72,1613,4867,23454409,46408640923,143678313767905,nonconstant_conjugate_multiplicity
180,60,90,1434,5046,25228836,57069230616,119752673159376,nonconstant_conjugate_multiplicity
180,60,120,1255,5225,27067345,68699893625,2207095092625,nonconstant_conjugate_multiplicity
180,90,90,897,5583,30936609,56154087567,170687367965241,nonconstant_conjugate_multiplicity
181,45,68,2354,4162,17087668,27427863016,20928639873136,nonconstant_conjugate_multiplicity
181,90,91,906,5610,31237524,57459437640,173269417741776,noninteger_multiplicity
182,91,91,907,5645,31630153,58051695365,178418805448237,nonconstant_conjugate_multiplicity
